Sex;Zygosity;Moed;Faed;Famin;Eng;Math;Soc;Nat;Vocab;Pairs
2;1;3;4;2;14;13;17;18;14;1
2;1;3;4;2;11;14;15;10;12;1
2;1;1;1;1;20;20;16;16;13;4
2;1;1;1;1;17;19;13;13;14;4
2;1;1;1;1;11;8;15;16;12;5
2;1;1;1;1;16;13;13;8;15;5
1;2;3;2;4;9;19;7;10;6;7
1;2;3;2;4;8;16;15;17;11;7
1;2;5;4;3;15;23;23;21;21;10
1;2;5;4;3;15;13;13;20;19;10
2;2;4;2;3;20;17;16;12;12;11
2;2;4;2;3;19;18;13;18;15;11
1;1;4;6;3;26;20;27;23;28;12
1;1;4;6;3;25;20;29;24;30;12
1;1;4;6;5;28;31;31;29;30;16
1;1;4;6;5;27;28;28;27;30;16
2;2;5;4;1;24;25;17;21;22;17
2;2;5;4;1;27;25;22;24;23;17
1;1;3;2;2;19;19;17;22;16;19
1;1;3;2;2;19;22;13;14;17;19
1;1;2;1;2;7;18;15;14;5;20
1;1;2;1;2;16;15;17;15;7;20
2;1;3;5;4;22;23;23;24;23;26
2;1;3;5;4;21;24;24;24;26;26
2;2;4;1;3;8;7;13;3;10;27
2;2;4;1;3;16;15;13;14;15;27
2;1;4;3;2;25;17;21;18;23;28
2;1;4;3;2;22;13;19;15;19;28
1;1;4;4;4;21;14;25;23;25;29
1;1;4;4;4;18;17;17;20;20;29
2;2;5;3;2;22;21;16;21;27;30
2;2;5;3;2;24;20;25;18;26;30
2;2;6;6;2;23;26;25;20;23;33
2;2;6;6;2;18;13;24;18;22;33
2;1;2;4;2;18;19;21;20;21;35
2;1;2;4;2;23;20;16;18;24;35
1;1;3;5;5;19;25;25;28;26;36
1;1;3;5;5;23;29;24;23;27;36
2;1;2;1;1;13;14;14;11;13;37
2;1;2;1;1;14;12;13;13;16;37
1;1;6;5;4;10;17;12;20;9;38
1;1;6;5;4;15;16;21;14;10;38
1;1;4;4;1;23;11;21;21;21;42
1;1;4;4;1;24;23;24;21;21;42
2;1;4;4;4;17;5;14;15;18;46
2;1;4;4;4;20;13;13;13;18;46
1;2;4;6;5;20;27;23;23;18;48
1;2;4;6;5;24;28;28;31;28;48
2;1;3;4;2;24;30;25;27;28;49
2;1;3;4;2;27;30;25;28;29;49
2;1;2;1;3;21;7;19;14;16;50
2;1;2;1;3;22;14;16;18;15;50
1;1;4;3;3;27;25;26;25;25;55
1;1;4;3;3;22;30;25;27;26;55
2;1;4;3;5;17;11;20;19;18;57
2;1;4;3;5;20;18;20;19;18;57
2;1;3;3;3;14;13;17;9;18;59
2;1;3;3;3;14;14;19;13;18;59
2;2;3;4;3;23;22;28;26;27;61
2;2;3;4;3;27;26;26;27;28;61
2;1;4;2;1;20;20;21;22;24;63
2;1;4;2;1;24;25;21;23;30;63
1;1;4;5;6;16;23;20;23;23;64
1;1;4;5;6;21;27;25;26;25;64
1;1;4;2;2;17;22;28;25;24;65
1;1;4;2;2;17;23;26;25;22;65
1;1;3;3;4;19;23;26;27;26;67
1;1;3;3;4;17;33;25;25;27;67
1;1;3;3;1;25;23;22;26;24;68
1;1;3;3;1;26;30;29;21;24;68
1;1;2;2;1;23;20;22;18;23;71
1;1;2;2;1;25;25;27;25;23;71
2;1;4;4;5;19;29;25;24;28;72
2;1;4;4;5;27;24;26;24;25;72
1;1;5;3;2;19;29;25;24;23;74
1;1;5;3;2;14;25;15;22;18;74
2;1;5;6;4;27;31;22;26;20;78
2;1;5;6;4;25;25;26;28;23;78
1;2;3;4;4;23;32;17;26;22;79
1;2;3;4;4;18;11;15;14;18;79
1;1;4;6;4;17;20;22;22;23;80
1;1;4;6;4;14;21;17;15;21;80
2;1;3;4;4;25;18;23;17;22;82
2;1;3;4;4;27;23;28;26;29;82
2;1;4;5;4;24;26;21;22;22;83
2;1;4;5;4;26;25;26;24;24;83
2;2;3;2;6;19;11;17;15;13;84
2;2;3;2;6;19;24;17;18;18;84
1;1;4;6;5;24;24;28;26;27;85
1;1;4;6;5;21;27;29;29;26;85
2;1;3;4;7;25;19;26;15;25;88
2;1;3;4;7;25;20;25;25;27;88
2;2;3;2;4;12;17;15;11;19;89
2;2;3;2;4;19;17;18;17;19;89
2;1;3;3;1;11;14;13;8;10;90
2;1;3;3;1;13;20;16;13;14;90
1;1;4;6;5;25;25;20;17;21;91
1;1;4;6;5;22;28;21;20;18;91
1;2;3;4;4;20;24;27;18;23;92
1;2;3;4;4;18;17;12;17;24;92
2;1;4;5;4;23;20;23;21;25;96
2;1;4;5;4;23;21;26;23;25;96
2;1;4;3;2;17;20;18;14;18;97
2;1;4;3;2;19;18;19;21;19;97
1;2;4;4;3;19;22;26;16;20;100
1;2;4;4;3;24;26;19;16;21;100
2;2;3;5;6;28;22;25;26;20;102
2;2;3;5;6;24;27;22;27;22;102
2;1;5;5;4;14;11;25;23;30;103
2;1;5;5;4;20;11;26;18;32;103
2;1;4;3;7;18;26;21;23;19;104
2;1;4;3;7;17;23;21;26;20;104
1;2;6;4;4;24;30;25;29;26;105
1;2;6;4;4;25;32;29;29;31;105
1;1;4;4;4;22;22;24;24;22;106
1;1;4;4;4;22;26;23;23;22;106
2;1;4;4;5;25;20;24;21;20;107
2;1;4;4;5;25;26;29;25;23;107
1;2;4;5;4;23;27;18;16;21;108
1;2;4;5;4;18;21;12;10;14;108
1;2;6;5;7;27;34;30;29;32;109
1;2;6;5;7;28;34;31;30;31;109
2;1;3;5;1;25;24;29;19;29;110
2;1;3;5;1;26;24;27;28;29;110
2;1;4;4;4;23;28;25;23;21;111
2;1;4;4;4;26;26;24;22;24;111
1;1;2;1;2;14;26;21;20;21;112
1;1;2;1;2;13;20;21;12;19;112
2;2;5;6;3;19;28;18;21;21;113
2;2;5;6;3;26;29;25;24;24;113
1;1;2;1;1;14;21;15;17;13;114
1;1;2;1;1;18;20;18;16;16;114
1;1;4;5;3;22;21;25;22;22;115
1;1;4;5;3;21;23;22;20;28;115
1;1;1;1;1;15;14;14;16;14;116
1;1;1;1;1;15;14;18;17;15;116
2;1;3;3;5;20;20;21;19;21;117
2;1;3;3;5;21;25;20;23;23;117
2;1;5;4;3;20;19;24;18;21;118
2;1;5;4;3;19;11;17;21;20;118
2;2;2;1;2;17;11;11;16;13;123
2;2;2;1;2;14;17;15;20;18;123
2;1;4;4;3;17;13;15;18;17;133
2;1;4;4;3;16;12;17;18;17;133
1;1;3;4;4;11;6;17;8;16;134
1;1;3;4;4;15;12;17;21;17;134
2;2;5;5;5;12;12;13;18;18;139
2;2;5;5;5;18;13;18;18;20;139
2;2;5;4;4;21;20;18;24;16;140
2;2;5;4;4;20;21;14;16;17;140
1;1;4;5;2;16;25;21;21;18;142
1;1;4;5;2;15;18;16;21;17;142
2;1;3;3;3;24;19;24;23;23;145
2;1;3;3;3;23;19;26;23;27;145
1;2;4;3;4;16;19;20;9;22;148
1;2;4;3;4;14;21;18;19;18;148
2;2;5;5;5;26;33;25;29;25;149
2;2;5;5;5;27;34;29;31;25;149
2;1;3;3;4;20;20;19;21;21;151
2;1;3;3;4;24;20;21;21;21;151
1;1;3;4;4;20;18;25;15;25;153
1;1;3;4;4;13;13;16;12;22;153
2;1;3;2;2;21;20;15;19;17;154
2;1;3;2;2;15;28;17;23;14;154
2;1;3;3;7;27;15;25;23;27;155
2;1;3;3;7;23;19;27;23;28;155
1;1;6;5;7;30;34;29;31;32;157
1;1;6;5;7;30;34;32;33;32;157
1;1;4;4;4;21;11;26;20;22;160
1;1;4;4;4;24;27;26;29;23;160
2;2;3;5;3;28;20;24;25;23;161
2;2;3;5;3;24;25;28;25;27;161
2;1;5;6;4;19;29;20;18;24;164
2;1;5;6;4;22;25;24;21;24;164
2;1;5;6;2;30;32;31;30;28;165
2;1;5;6;2;30;27;31;28;29;165
2;2;4;5;5;23;20;22;24;25;166
2;2;4;5;5;21;18;17;15;18;166
2;1;4;5;3;25;18;20;23;19;167
2;1;4;5;3;24;23;23;20;20;167
2;1;3;3;4;21;24;23;28;25;168
2;1;3;3;4;22;26;28;29;28;168
2;2;5;5;3;14;22;20;10;22;170
2;2;5;5;3;22;17;21;14;23;170
2;2;3;6;6;20;25;26;23;22;171
2;2;3;6;6;21;18;19;15;18;171
1;2;4;1;2;25;23;21;27;22;173
1;2;4;1;2;20;12;16;21;21;173
2;2;4;5;4;25;27;18;21;23;175
2;2;4;5;4;24;21;26;25;26;175
2;1;5;5;5;23;28;26;25;28;176
2;1;5;5;5;24;31;24;26;27;176
2;2;3;4;3;27;24;28;28;25;177
2;2;3;4;3;30;23;31;28;31;177
2;1;4;6;5;26;24;32;26;28;178
2;1;4;6;5;25;29;32;22;30;178
1;2;3;5;4;19;28;25;25;24;179
1;2;3;5;4;25;33;28;27;23;179
2;1;4;3;4;22;20;19;13;12;182
2;1;4;3;4;20;22;18;20;17;182
2;1;1;2;2;19;17;18;20;14;183
2;1;1;2;2;17;18;19;19;16;183
2;2;5;6;4;19;20;18;22;22;184
2;2;5;6;4;24;23;21;24;23;184
1;2;4;5;5;20;30;22;22;24;190
1;2;4;5;5;24;32;23;21;27;190
1;1;3;4;4;29;35;30;31;28;192
1;1;3;4;4;30;30;29;28;30;192
2;2;5;4;2;24;20;26;20;28;195
2;2;5;4;2;17;25;16;12;19;195
1;1;3;3;4;17;20;19;19;19;198
1;1;3;3;4;16;22;18;18;21;198
2;1;2;1;2;18;12;17;12;18;199
2;1;2;1;2;17;18;20;21;20;199
1;1;3;4;3;13;17;13;12;15;200
1;1;3;4;3;11;19;12;21;11;200
2;1;1;1;2;22;23;21;14;27;203
2;1;1;1;2;24;25;23;23;30;203
1;2;5;3;4;19;20;27;22;25;206
1;2;5;3;4;18;17;18;18;22;206
2;2;3;5;3;26;28;24;25;26;207
2;2;3;5;3;28;25;25;26;28;207
2;2;3;5;3;20;24;23;22;23;209
2;2;3;5;3;25;25;25;20;28;209
2;1;5;6;4;24;24;24;24;28;212
2;1;5;6;4;22;29;27;28;25;212
1;1;3;3;1;14;14;12;13;10;214
1;1;3;3;1;14;14;18;15;16;214
1;1;4;2;3;19;12;26;20;26;215
1;1;4;2;3;21;24;28;21;27;215
1;1;1;1;1;16;23;24;26;16;216
1;1;1;1;1;16;20;21;25;14;216
2;1;6;5;7;15;14;14;23;15;218
2;1;6;5;7;16;16;17;24;17;218
1;2;4;5;4;21;27;23;28;23;220
1;2;4;5;4;26;33;25;30;26;220
2;2;4;5;4;27;13;23;18;21;222
2;2;4;5;4;20;16;20;16;25;222
2;1;6;6;7;30;26;31;27;32;224
2;1;6;6;7;30;25;29;20;31;224
1;1;3;3;2;19;31;27;27;25;226
1;1;3;3;2;22;31;26;31;25;226
2;2;6;6;4;26;24;23;23;23;228
2;2;6;6;4;24;27;23;25;24;228
2;1;5;6;3;27;17;27;22;28;234
2;1;5;6;3;28;21;22;21;30;234
1;2;3;3;2;18;25;17;26;18;235
1;2;3;3;2;23;27;25;27;26;235
2;1;5;3;4;30;25;22;22;24;236
2;1;5;3;4;30;25;23;22;25;236
1;2;1;1;3;28;21;26;26;26;237
1;2;1;1;3;24;24;32;27;28;237
2;1;5;3;3;26;28;21;29;23;238
2;1;5;3;3;26;28;28;28;29;238
1;1;6;4;3;25;25;25;25;27;240
1;1;6;4;3;27;29;28;27;27;240
2;1;3;2;1;12;11;20;14;20;242
2;1;3;2;1;16;7;24;14;24;242
2;2;4;6;7;19;19;13;18;18;243
2;2;4;6;7;15;20;19;21;19;243
2;1;1;2;4;28;29;28;29;27;244
2;1;1;2;4;31;34;30;29;30;244
2;1;3;4;4;28;28;26;25;27;245
2;1;3;4;4;30;29;26;25;28;245
1;1;3;4;5;25;30;24;26;22;248
1;1;3;4;5;23;31;25;27;24;248
2;2;4;4;4;15;18;10;18;15;250
2;2;4;4;4;18;18;16;9;17;250
1;1;2;1;2;23;24;23;24;22;253
1;1;2;1;2;22;27;27;26;23;253
1;1;4;6;3;21;22;24;21;24;255
1;1;4;6;3;25;30;25;22;20;255
2;2;5;4;5;21;18;23;21;16;262
2;2;5;4;5;25;32;21;25;22;262
1;1;3;3;4;14;23;17;16;10;263
1;1;3;3;4;17;22;15;13;15;263
2;1;1;1;2;22;12;25;18;22;265
2;1;1;1;2;20;10;21;22;22;265
2;1;1;1;1;24;23;23;23;21;266
2;1;1;1;1;24;27;24;25;24;266
2;2;1;2;1;18;17;15;12;12;268
2;2;1;2;1;20;18;16;14;14;268
2;1;3;3;3;19;17;16;13;14;269
2;1;3;3;3;23;16;18;15;17;269
2;2;3;1;2;17;13;13;10;17;270
2;2;3;1;2;21;7;16;16;18;270
2;2;3;1;2;17;11;15;16;16;271
2;2;3;1;2;13;17;19;19;14;271
2;1;4;5;3;22;22;21;22;22;272
2;1;4;5;3;20;23;24;22;24;272
2;2;2;1;1;22;11;21;12;17;274
2;2;2;1;1;17;17;17;17;18;274
1;1;6;5;2;22;26;23;24;27;275
1;1;6;5;2;11;20;21;18;21;275
1;1;5;6;4;18;23;24;21;23;277
1;1;5;6;4;23;30;22;24;25;277
1;2;3;1;3;20;26;20;18;17;279
1;2;3;1;3;19;20;16;21;18;279
1;1;6;2;4;20;24;16;23;19;281
1;1;6;2;4;24;25;17;26;22;281
2;1;5;3;4;26;29;22;23;24;287
2;1;5;3;4;19;17;21;23;22;287
2;1;6;4;3;26;17;25;10;29;288
2;1;6;4;3;22;22;22;15;25;288
2;1;2;4;3;19;19;17;19;19;291
2;1;2;4;3;17;20;18;21;19;291
2;2;3;1;3;26;24;29;27;28;295
2;2;3;1;3;12;4;15;17;18;295
2;1;3;2;2;25;25;24;25;25;304
2;1;3;2;2;25;22;21;21;25;304
2;1;5;3;5;27;19;23;24;20;308
2;1;5;3;5;29;32;27;27;22;308
2;1;3;3;2;24;22;14;18;21;309
2;1;3;3;2;22;14;16;20;23;309
2;2;3;6;4;21;19;19;18;23;310
2;2;3;6;4;24;19;25;24;24;310
2;1;2;3;2;22;24;20;20;20;311
2;1;2;3;2;24;30;24;25;24;311
2;2;2;2;1;27;20;23;16;26;312
2;2;2;2;1;25;20;23;21;25;312
1;1;5;3;2;21;31;20;21;22;315
1;1;5;3;2;17;31;19;25;18;315
1;2;3;3;2;20;29;25;26;26;316
1;2;3;3;2;15;14;17;16;21;316
2;1;2;2;4;24;22;19;18;21;317
2;1;2;2;4;22;20;18;12;21;317
1;2;2;2;3;24;30;28;25;27;318
1;2;2;2;3;19;20;17;20;20;318
1;1;3;5;3;17;24;16;22;21;319
1;1;3;5;3;21;22;19;20;22;319
1;2;5;3;2;14;14;13;14;14;320
1;2;5;3;2;10;19;13;6;13;320
2;1;3;3;2;21;26;21;21;15;321
2;1;3;3;2;21;15;18;17;17;321
1;1;3;5;4;24;32;25;27;23;323
1;1;3;5;4;26;34;29;26;24;323
2;2;4;6;5;26;20;22;20;24;324
2;2;4;6;5;28;19;22;19;25;324
2;2;3;2;4;17;17;26;23;24;327
2;2;3;2;4;13;18;18;22;19;327
1;1;3;3;2;9;17;16;21;16;329
1;1;3;3;2;12;17;13;6;12;329
1;2;3;3;3;24;28;25;26;24;332
1;2;3;3;3;21;25;25;20;22;332
1;2;3;3;3;19;28;20;18;20;335
1;2;3;3;3;17;25;19;17;12;335
2;1;4;4;3;22;28;28;21;25;336
2;1;4;4;3;21;30;28;29;19;336
2;1;3;3;2;24;23;24;26;20;337
2;1;3;3;2;22;21;21;19;22;337
1;1;4;6;1;27;34;26;26;28;338
1;1;4;6;1;27;24;21;25;23;338
1;1;3;1;2;16;18;7;17;15;340
1;1;3;1;2;11;17;14;12;14;340
2;1;4;6;3;20;20;18;21;19;342
2;1;4;6;3;17;19;15;16;19;342
2;1;3;2;3;21;16;12;11;18;343
2;1;3;2;3;21;14;18;15;17;343
1;1;4;5;4;19;22;24;24;30;345
1;1;4;5;4;22;32;27;29;30;345
2;1;2;3;3;22;28;22;25;24;348
2;1;2;3;3;23;28;25;27;24;348
2;1;4;5;4;13;12;14;20;14;351
2;1;4;5;4;14;10;19;14;16;351
1;1;4;3;2;11;12;13;16;17;355
1;1;4;3;2;10;11;15;13;14;355
2;1;4;3;3;18;15;20;22;19;358
2;1;4;3;3;19;15;21;20;14;358
1;2;3;3;4;11;11;15;9;15;360
1;2;3;3;4;21;19;19;14;18;360
2;1;3;5;4;23;15;21;12;27;362
2;1;3;5;4;21;15;21;13;24;362
2;2;4;1;2;24;24;20;24;24;363
2;2;4;1;2;22;24;22;23;22;363
2;1;5;5;4;21;16;21;16;19;365
2;1;5;5;4;16;14;19;18;19;365
2;2;3;3;3;27;28;27;27;30;367
2;2;3;3;3;21;21;24;19;25;367
1;2;3;4;3;20;25;21;23;22;371
1;2;3;4;3;17;19;20;17;22;371
1;1;1;2;2;19;28;24;20;24;374
1;1;1;2;2;16;23;22;18;21;374
2;2;3;3;1;23;13;23;19;23;377
2;2;3;3;1;20;7;19;12;21;377
2;2;3;4;3;30;21;25;25;29;380
2;2;3;4;3;24;19;23;23;29;380
1;1;4;5;5;23;34;29;29;29;382
1;1;4;5;5;24;32;29;28;30;382
1;1;4;4;6;20;13;25;12;25;383
1;1;4;4;6;9;16;19;10;21;383
1;2;3;6;4;23;29;26;29;29;385
1;2;3;6;4;27;32;24;27;24;385
2;1;5;6;6;18;18;23;20;23;386
2;1;5;6;6;21;22;23;19;23;386
1;1;3;4;4;18;14;17;20;18;388
1;1;3;4;4;15;19;20;15;18;388
2;1;3;3;2;17;12;19;18;15;392
2;1;3;3;2;21;12;18;14;18;392
2;2;5;5;4;19;14;17;15;19;393
2;2;5;5;4;19;16;23;8;24;393
2;2;5;5;5;24;11;18;13;19;394
2;2;5;5;5;25;20;14;17;18;394
1;2;5;6;6;23;26;20;19;24;396
1;2;5;6;6;26;33;28;27;26;396
2;1;2;2;3;20;26;26;18;25;397
2;1;2;2;3;21;28;26;24;26;397
2;1;3;3;3;19;26;27;21;26;402
2;1;3;3;3;22;23;30;18;28;402
2;2;2;3;2;22;29;20;18;19;406
2;2;2;3;2;22;19;19;15;18;406
2;1;4;3;4;7;4;9;8;14;408
2;1;4;3;4;17;12;10;12;17;408
2;2;3;4;7;19;20;13;17;18;411
2;2;3;4;7;15;23;17;18;21;411
2;1;4;6;6;26;31;20;16;21;412
2;1;4;6;6;22;30;23;25;22;412
2;2;5;5;4;19;26;19;23;17;415
2;2;5;5;4;15;21;16;21;14;415
2;1;6;6;7;16;10;22;11;19;416
2;1;6;6;7;14;14;20;14;22;416
1;2;4;2;1;25;28;23;28;22;417
1;2;4;2;1;25;28;28;29;22;417
2;1;5;6;4;26;22;26;26;27;418
2;1;5;6;4;23;26;24;25;29;418
2;1;4;4;2;25;28;23;27;23;420
2;1;4;4;2;27;32;23;23;22;420
2;2;2;4;2;16;5;21;13;17;421
2;2;2;4;2;17;13;18;14;18;421
2;1;4;3;7;17;18;16;21;16;423
2;1;4;3;7;17;14;20;23;19;423
1;1;3;4;3;14;21;15;23;17;425
1;1;3;4;3;19;22;19;21;16;425
2;1;4;6;6;20;25;15;23;20;427
2;1;4;6;6;20;25;17;26;25;427
2;2;3;6;2;25;31;26;28;23;428
2;2;3;6;2;27;33;24;29;24;428
1;1;3;1;3;20;27;18;21;19;429
1;1;3;1;3;21;28;16;23;21;429
1;2;3;3;3;25;22;18;23;22;430
1;2;3;3;3;23;25;26;23;22;430
2;2;4;6;3;13;14;16;11;19;432
2;2;4;6;3;17;12;18;15;16;432
2;1;4;4;5;21;22;21;17;22;433
2;1;4;4;5;27;22;17;15;24;433
2;1;4;6;3;21;23;22;23;23;435
2;1;4;6;3;25;21;23;25;20;435
1;2;4;3;2;23;20;21;24;20;437
1;2;4;3;2;26;25;22;21;24;437
2;1;2;1;2;12;20;15;17;12;438
2;1;2;1;2;15;18;14;17;13;438
1;2;2;3;2;26;33;24;28;24;439
1;2;2;3;2;24;30;31;26;27;439
1;1;4;3;2;20;29;23;29;24;440
1;1;4;3;2;21;30;26;25;25;440
2;2;3;3;3;22;10;23;17;20;442
2;2;3;3;3;21;17;18;20;19;442
1;1;4;4;3;17;27;19;21;16;444
1;1;4;4;3;19;23;22;23;19;444
2;2;4;3;2;18;14;15;12;14;445
2;2;4;3;2;17;20;19;21;14;445
1;1;3;1;2;10;20;24;22;19;446
1;1;3;1;2;18;17;19;22;20;446
1;1;4;1;3;16;18;14;11;22;447
1;1;4;1;3;13;14;22;17;24;447
2;1;1;4;3;22;21;22;24;24;449
2;1;1;4;3;25;16;25;26;27;449
1;2;4;1;1;19;32;16;24;13;453
1;2;4;1;1;21;33;27;28;25;453
2;1;4;2;1;16;20;23;23;21;454
2;1;4;2;1;20;16;19;15;21;454
1;2;3;3;3;6;8;11;11;15;455
1;2;3;3;3;5;11;13;4;12;455
2;2;3;3;2;16;16;17;14;17;456
2;2;3;3;2;20;20;19;14;20;456
2;2;3;2;2;18;13;19;11;21;461
2;2;3;2;2;18;17;15;23;19;461
2;1;3;3;3;19;11;19;12;14;462
2;1;3;3;3;18;20;21;16;14;462
1;2;2;3;2;20;22;22;25;21;466
1;2;2;3;2;17;20;21;21;16;466
1;2;5;3;3;22;26;20;21;16;467
1;2;5;3;3;25;25;21;23;18;467
1;1;5;5;3;23;34;32;30;29;468
1;1;5;5;3;27;34;32;30;29;468
1;2;1;1;2;22;28;21;26;22;471
1;2;1;1;2;17;20;11;14;19;471
1;1;4;5;5;25;32;29;29;24;472
1;1;4;5;5;27;32;30;27;30;472
1;1;4;5;4;15;23;25;19;28;474
1;1;4;5;4;18;29;21;24;24;474
2;2;5;3;2;20;20;20;26;18;475
2;2;5;3;2;19;20;15;24;19;475
2;2;6;2;4;14;14;16;11;16;476
2;2;6;2;4;14;20;17;18;19;476
2;1;3;6;3;21;25;20;23;24;477
2;1;3;6;3;23;32;24;27;23;477
2;2;3;1;3;23;20;21;18;21;478
2;2;3;1;3;13;10;16;18;17;478
2;2;3;3;2;19;18;20;21;20;479
2;2;3;3;2;20;25;20;20;22;479
2;2;4;4;4;17;26;22;23;21;480
2;2;4;4;4;6;16;13;15;14;480
1;1;5;6;6;20;30;22;25;20;481
1;1;5;6;6;21;29;24;25;21;481
1;1;3;4;4;20;24;23;23;18;483
1;1;3;4;4;23;24;23;26;18;483
2;2;5;4;3;16;26;13;19;17;484
2;2;5;4;3;22;24;14;20;17;484
2;1;3;3;3;16;18;16;15;10;485
2;1;3;3;3;16;21;17;12;15;485
2;1;3;4;2;25;17;20;25;24;487
2;1;3;4;2;22;23;22;25;21;487
1;1;3;2;2;15;11;12;9;14;493
1;1;3;2;2;16;16;17;18;12;493
1;1;3;1;1;20;20;21;21;22;494
1;1;3;1;1;21;21;18;25;20;494
2;2;4;6;4;18;18;16;19;16;497
2;2;4;6;4;19;25;15;22;16;497
1;1;2;3;4;15;29;20;17;20;499
1;1;2;3;4;16;32;25;24;22;499
2;2;3;2;5;15;11;15;3;14;509
2;2;3;2;5;18;18;13;18;14;509
1;1;1;2;1;23;22;17;17;23;511
1;1;1;2;1;17;18;19;20;20;511
2;2;1;3;4;17;8;15;13;18;515
2;2;1;3;4;19;13;15;12;17;515
1;2;4;5;2;9;8;18;13;10;517
1;2;4;5;2;16;19;20;11;15;517
2;2;1;1;2;25;14;26;17;25;518
2;2;1;1;2;20;10;19;12;22;518
1;1;2;2;1;17;17;19;25;22;519
1;1;2;2;1;12;6;18;21;19;519
2;2;5;6;6;22;29;22;24;20;521
2;2;5;6;6;26;33;26;28;24;521
2;1;4;6;7;19;20;22;14;23;522
2;1;4;6;7;19;21;24;20;21;522
2;2;3;3;3;13;18;13;12;18;523
2;2;3;3;3;24;14;18;17;20;523
1;2;3;4;1;18;17;20;18;14;524
1;2;3;4;1;19;20;22;20;20;524
1;1;1;1;2;22;17;23;12;25;529
1;1;1;1;2;15;13;20;19;24;529
1;1;2;2;2;23;24;21;24;18;530
1;1;2;2;2;18;28;25;25;21;530
2;1;6;6;5;7;11;15;4;21;532
2;1;6;6;5;11;8;16;10;18;532
2;1;5;4;2;14;16;13;10;15;535
2;1;5;4;2;21;20;16;8;17;535
2;2;3;5;4;21;18;21;17;22;537
2;2;3;5;4;23;21;23;23;22;537
1;1;5;3;4;13;22;16;14;17;540
1;1;5;3;4;11;24;20;21;21;540
1;2;6;6;4;24;20;20;25;23;541
1;2;6;6;4;25;31;25;27;26;541
1;2;3;3;2;22;25;19;19;21;544
1;2;3;3;2;19;24;22;24;20;544
2;1;4;6;7;19;20;15;4;22;547
2;1;4;6;7;21;19;16;9;23;547
1;1;4;3;2;17;14;23;23;22;549
1;1;4;3;2;20;18;21;20;24;549
1;2;3;3;3;20;24;28;24;27;553
1;2;3;3;3;25;29;28;26;27;553
1;2;4;4;4;18;21;20;16;18;555
1;2;4;4;4;19;19;18;19;20;555
2;1;4;4;4;21;14;24;16;25;562
2;1;4;4;4;20;20;25;15;23;562
2;2;5;6;4;19;20;16;23;26;568
2;2;5;6;4;22;22;21;19;24;568
2;2;2;3;3;19;20;21;19;19;569
2;2;2;3;3;17;16;19;18;16;569
1;2;2;3;2;19;20;19;21;20;571
1;2;2;3;2;23;21;17;21;20;571
2;1;3;5;6;22;21;20;23;23;573
2;1;3;5;6;20;15;18;19;21;573
2;2;3;3;2;16;11;13;17;18;574
2;2;3;3;2;17;14;20;26;18;574
1;2;5;5;5;23;33;32;30;32;575
1;2;5;5;5;22;26;27;21;30;575
1;1;4;4;4;15;18;22;23;23;576
1;1;4;4;4;19;18;18;21;19;576
2;1;3;3;3;21;20;18;23;22;577
2;1;3;3;3;22;22;22;17;25;577
1;2;3;4;5;20;24;17;20;18;579
1;2;3;4;5;13;27;11;21;17;579
2;2;4;5;5;23;23;25;19;28;581
2;2;4;5;5;18;15;23;15;23;581
2;1;2;3;3;19;20;18;18;18;582
2;1;2;3;3;21;13;20;23;17;582
1;2;3;1;1;18;23;17;23;19;583
1;2;3;1;1;17;21;25;21;19;583
1;1;4;4;2;11;26;20;21;18;586
1;1;4;4;2;15;18;26;19;19;586
2;2;1;1;1;19;24;19;11;21;588
2;2;1;1;1;17;18;20;20;19;588
2;2;5;6;7;26;25;28;29;31;592
2;2;5;6;7;28;31;30;31;32;592
2;1;3;5;7;24;21;27;22;27;593
2;1;3;5;7;26;25;27;19;27;593
2;1;1;3;5;18;10;16;10;18;598
2;1;1;3;5;22;20;21;15;18;598
1;1;3;3;2;18;33;17;9;15;599
1;1;3;3;2;18;32;18;20;21;599
2;1;3;3;4;18;19;17;11;19;600
2;1;3;3;4;22;22;17;14;20;600
1;2;4;1;2;24;29;21;24;21;605
1;2;4;1;2;16;26;23;15;23;605
1;2;3;4;3;18;17;22;19;22;608
1;2;3;4;3;14;20;20;21;18;608
2;2;3;4;4;27;35;29;29;24;610
2;2;3;4;4;17;29;19;21;20;610
2;2;1;3;1;18;12;18;21;18;614
2;2;1;3;1;18;20;17;21;18;614
2;1;3;5;3;14;10;14;8;16;617
2;1;3;5;3;13;12;16;12;17;617
2;2;1;2;3;23;25;17;24;25;618
2;2;1;2;3;21;25;25;24;27;618
2;1;4;5;5;25;23;26;25;24;620
2;1;4;5;5;26;26;24;23;24;620
2;1;2;2;1;14;16;20;15;25;621
2;1;2;2;1;14;20;24;12;24;621
2;2;6;6;4;26;32;23;22;26;623
2;2;6;6;4;22;29;25;28;31;623
2;1;4;3;2;28;26;28;21;29;624
2;1;4;3;2;25;29;26;26;26;624
2;1;2;4;1;15;13;19;10;18;625
2;1;2;4;1;18;16;17;13;18;625
1;2;5;6;5;24;29;31;27;30;626
1;2;5;6;5;23;25;25;9;23;626
2;1;2;6;2;18;21;21;13;21;627
2;1;2;6;2;19;20;18;11;19;627
1;2;5;4;3;24;25;24;19;22;629
1;2;5;4;3;24;28;21;24;27;629
2;2;1;3;2;16;22;17;9;17;631
2;2;1;3;2;21;16;13;15;16;631
2;1;3;3;1;17;18;18;9;13;632
2;1;3;3;1;19;11;18;17;14;632
1;1;3;1;2;14;24;15;12;14;633
1;1;3;1;2;16;19;20;23;11;633
2;2;4;3;1;23;14;20;21;26;636
2;2;4;3;1;19;22;16;19;20;636
2;1;2;2;1;12;17;15;3;15;641
2;1;2;2;1;13;16;11;13;15;641
1;1;3;5;5;17;20;18;18;18;642
1;1;3;5;5;11;19;16;15;18;642
1;2;3;4;5;21;20;18;23;20;643
1;2;3;4;5;21;19;20;24;22;643
2;1;3;3;4;26;26;25;23;28;645
2;1;3;3;4;24;28;29;26;29;645
2;1;3;3;1;9;12;13;12;15;647
2;1;3;3;1;7;13;13;18;13;647
1;1;5;5;4;23;19;26;20;29;650
1;1;5;5;4;18;20;17;22;23;650
2;1;2;3;3;19;26;21;20;20;651
2;1;2;3;3;19;20;21;17;20;651
1;1;3;3;3;15;31;22;26;18;652
1;1;3;3;3;17;23;27;27;20;652
2;1;5;5;5;12;17;14;13;14;653
2;1;5;5;5;14;19;15;16;17;653
2;1;6;4;3;18;10;22;24;22;655
2;1;6;4;3;24;11;20;22;28;655
1;2;4;4;3;24;30;26;26;24;656
1;2;4;4;3;23;32;28;25;24;656
1;2;3;3;4;21;28;19;27;20;658
1;2;3;3;4;15;13;17;15;18;658
2;2;6;3;4;10;8;5;10;8;659
2;2;6;3;4;18;23;17;12;15;659
2;2;1;1;2;22;25;21;18;26;661
2;2;1;1;2;17;21;20;18;19;661
2;1;4;4;3;16;10;16;11;22;666
2;1;4;4;3;13;10;18;13;19;666
1;2;4;3;4;17;19;26;23;25;667
1;2;4;3;4;11;21;25;24;23;667
2;2;3;3;1;9;6;13;9;14;672
2;2;3;3;1;14;6;14;18;14;672
1;1;3;4;3;13;21;24;22;18;673
1;1;3;4;3;16;27;24;20;18;673
1;1;5;6;5;27;35;30;32;28;674
1;1;5;6;5;30;35;32;33;28;674
2;1;2;3;5;13;21;18;15;20;677
2;1;2;3;5;11;20;16;15;16;677
1;2;1;2;1;13;8;16;14;10;678
1;2;1;2;1;18;13;13;11;16;678
2;2;4;3;3;22;22;27;26;24;679
2;2;4;3;3;24;20;21;22;24;679
2;1;4;6;5;25;28;25;28;27;680
2;1;4;6;5;27;27;28;28;28;680
1;2;4;6;4;15;14;16;18;20;684
1;2;4;6;4;15;20;21;17;22;684
2;2;5;4;1;19;30;24;17;20;685
2;2;5;4;1;14;15;18;15;19;685
2;1;4;4;4;20;15;20;16;20;688
2;1;4;4;4;19;18;23;22;21;688
2;2;2;1;1;28;18;25;25;25;689
2;2;2;1;1;17;22;19;20;15;689
2;2;3;5;4;22;26;21;26;24;691
2;2;3;5;4;20;22;25;14;20;691
2;1;4;4;5;23;14;17;9;23;692
2;1;4;4;5;26;22;20;17;26;692
1;1;3;3;2;7;14;13;15;14;694
1;1;3;3;2;14;17;19;9;14;694
2;1;6;3;2;14;22;16;21;15;696
2;1;6;3;2;14;20;17;10;16;696
2;2;3;6;2;17;14;10;17;16;698
2;2;3;6;2;15;18;20;18;14;698
1;1;3;2;5;21;31;22;23;19;701
1;1;3;2;5;24;33;27;28;24;701
1;1;1;1;1;18;21;19;18;19;704
1;1;1;1;1;19;25;23;24;21;704
1;1;2;3;2;15;21;26;23;20;705
1;1;2;3;2;23;31;26;25;22;705
1;1;4;4;3;21;32;27;28;22;707
1;1;4;4;3;25;29;30;25;22;707
2;2;3;5;7;18;24;19;18;23;713
2;2;3;5;7;22;20;23;24;27;713
2;1;3;1;1;22;8;17;15;18;718
2;1;3;1;1;22;14;16;17;17;718
2;2;3;4;4;22;22;25;23;30;720
2;2;3;4;4;27;28;23;26;24;720
1;1;3;4;2;12;14;13;14;19;721
1;1;3;4;2;15;15;15;10;21;721
2;2;3;4;2;18;24;17;17;16;723
2;2;3;4;2;20;25;21;21;19;723
1;1;3;3;3;16;22;17;3;17;724
1;1;3;3;3;19;18;17;13;17;724
2;1;2;1;1;24;19;21;25;26;725
2;1;2;1;1;21;24;23;27;24;725
2;1;3;1;7;21;14;16;14;18;729
2;1;3;1;7;20;17;17;15;15;729
2;1;2;4;1;21;19;19;25;21;732
2;1;2;4;1;25;23;19;21;20;732
1;1;6;2;1;10;16;13;12;14;733
1;1;6;2;1;14;10;17;16;16;733
2;1;2;2;3;13;11;15;16;10;735
2;1;2;2;3;13;13;14;16;14;735
1;2;3;3;3;17;20;13;17;16;741
1;2;3;3;3;21;17;19;21;18;741
2;1;3;3;5;19;15;15;17;19;743
2;1;3;3;5;20;17;15;17;18;743
2;1;4;3;1;20;11;18;18;21;745
2;1;4;3;1;19;14;22;17;21;745
2;1;5;5;4;13;11;15;14;16;746
2;1;5;5;4;14;16;16;14;20;746
1;1;3;5;3;13;12;16;14;14;749
1;1;3;5;3;19;17;18;20;19;749
1;2;5;4;4;21;21;24;27;29;752
1;2;5;4;4;22;31;25;26;23;752
2;1;3;3;2;20;16;16;13;16;754
2;1;3;3;2;20;13;19;18;14;754
2;1;5;6;4;26;26;27;29;32;755
2;1;5;6;4;26;32;29;29;32;755
1;1;3;3;4;17;25;25;29;21;758
1;1;3;3;4;22;20;26;29;22;758
2;2;3;3;4;17;26;20;22;21;759
2;2;3;3;4;15;12;17;14;15;759
2;2;2;1;1;13;11;18;9;16;764
2;2;2;1;1;11;17;15;14;16;764
1;2;3;4;3;18;29;17;29;17;766
1;2;3;4;3;18;29;26;22;23;766
1;1;3;6;4;26;34;27;30;30;768
1;1;3;6;4;28;33;27;28;32;768
1;1;2;1;2;18;16;23;20;24;771
1;1;2;1;2;13;17;18;9;20;771
2;1;4;3;2;23;20;20;24;20;773
2;1;4;3;2;17;16;23;14;21;773
2;2;4;3;7;11;19;14;16;16;774
2;2;4;3;7;17;18;18;21;14;774
2;2;4;4;1;21;12;26;26;26;775
2;2;4;4;1;24;14;26;25;26;775
2;2;5;4;4;22;21;23;21;18;776
2;2;5;4;4;25;25;24;21;19;776
1;1;4;5;2;23;19;24;20;23;779
1;1;4;5;2;21;27;22;22;23;779
2;2;4;1;2;19;21;18;25;21;780
2;2;4;1;2;25;28;23;24;22;780
1;2;3;4;2;23;31;24;29;22;783
1;2;3;4;2;28;32;28;27;29;783
1;1;3;4;3;21;24;24;25;22;785
1;1;3;4;3;24;28;26;27;25;785
1;1;4;3;3;19;20;17;23;19;786
1;1;4;3;3;22;18;23;24;18;786
1;1;3;2;2;16;17;10;18;13;787
1;1;3;2;2;20;17;18;21;16;787
1;2;3;3;2;17;17;25;24;23;789
1;2;3;3;2;12;16;18;23;22;789
2;2;1;3;2;14;23;15;17;17;791
2;2;1;3;2;20;24;19;11;19;791
2;2;2;2;1;10;10;8;12;16;792
2;2;2;2;1;14;11;9;7;15;792
2;1;1;2;1;18;16;13;7;16;797
2;1;1;2;1;17;21;13;12;16;797
2;1;4;5;4;24;23;19;14;23;800
2;1;4;5;4;21;23;20;22;22;800
2;1;3;5;3;26;17;20;12;23;801
2;1;3;5;3;24;25;15;17;20;801
2;1;3;2;2;26;19;19;20;22;805
2;1;3;2;2;26;21;21;25;22;805
2;2;3;6;4;26;19;20;23;22;809
2;2;3;6;4;29;25;26;26;28;809
2;1;2;4;2;16;19;19;18;19;811
2;1;2;4;2;15;22;20;23;18;811
1;1;3;2;3;13;10;11;10;11;812
1;1;3;2;3;22;18;15;23;22;812
2;1;3;3;3;14;6;15;10;14;814
2;1;3;3;3;19;12;12;16;17;814
1;2;3;1;2;12;27;22;21;19;816
1;2;3;1;2;12;17;18;20;18;816
1;1;5;6;3;29;34;26;29;30;819
1;1;5;6;3;30;35;30;28;30;819
1;1;3;3;4;9;15;15;13;12;820
1;1;3;3;4;12;13;16;10;16;820
1;1;2;2;2;16;18;15;11;19;821
1;1;2;2;2;13;17;16;19;19;821
2;2;4;4;2;15;24;22;24;25;822
2;2;4;4;2;14;15;22;14;20;822
2;2;3;4;5;22;17;26;23;29;823
2;2;3;4;5;26;24;30;28;31;823
2;2;2;1;3;19;24;25;22;26;824
2;2;2;1;3;23;25;23;23;24;824
1;1;5;6;6;22;34;28;24;29;825
1;1;5;6;6;25;32;27;31;29;825
2;2;5;5;5;20;31;19;25;24;826
2;2;5;5;5;22;33;27;24;30;826
2;1;5;5;6;28;26;26;25;26;828
2;1;5;5;6;30;32;25;26;29;828
1;1;3;3;1;13;28;21;14;17;829
1;1;3;3;1;14;14;18;17;17;829
2;2;3;2;3;17;19;23;22;24;830
2;2;3;2;3;20;20;28;17;27;830
2;1;2;2;2;21;18;22;15;25;831
2;1;2;2;2;19;10;20;18;23;831
1;1;3;4;3;20;23;18;22;18;832
1;1;3;4;3;19;24;18;23;19;832
2;1;3;2;4;27;30;26;31;30;833
2;1;3;2;4;25;30;28;31;31;833
2;1;1;1;3;18;18;20;16;25;837
2;1;1;1;3;21;17;24;17;24;837
2;2;2;3;4;14;12;17;13;15;838
2;2;2;3;4;17;11;18;14;17;838
2;1;4;4;3;25;19;30;25;25;839
2;1;4;4;3;25;22;25;26;24;839
2;1;5;6;7;21;18;21;12;20;840
2;1;5;6;7;19;19;15;16;20;840
2;2;4;2;3;21;24;17;20;22;841
2;2;4;2;3;28;31;19;22;24;841
2;1;3;2;2;15;12;20;21;20;842
2;1;3;2;2;11;19;21;10;19;842
2;2;3;4;7;20;28;21;23;22;844
2;2;3;4;7;20;26;20;26;22;844
1;2;1;1;2;24;29;19;20;27;847
1;2;1;1;2;20;26;21;16;22;847
1;2;2;2;2;21;20;19;16;19;848
1;2;2;2;2;16;13;18;14;21;848
2;1;4;4;4;21;17;22;20;29;849
2;1;4;4;4;23;8;24;10;28;849
1;1;2;2;1;20;20;30;15;29;851
1;1;2;2;1;23;25;21;14;27;851
1;2;3;4;4;25;31;25;25;21;852
1;2;3;4;4;18;23;15;9;17;852
1;2;2;2;2;20;22;24;23;26;853
1;2;2;2;2;17;30;27;26;25;853
1;2;5;3;2;27;30;31;27;27;854
1;2;5;3;2;27;31;30;25;31;854
1;1;3;6;4;18;20;17;14;21;857
1;1;3;6;4;15;24;17;15;21;857
2;2;3;2;3;24;25;22;21;27;858
2;2;3;2;3;26;28;28;25;24;858
2;1;2;4;2;20;22;28;10;29;859
2;1;2;4;2;21;25;26;22;29;859
1;2;5;3;2;22;27;26;26;25;861
1;2;5;3;2;23;26;26;24;27;861
2;1;3;3;1;20;13;20;19;17;862
2;1;3;3;1;19;24;23;21;21;862
2;2;6;6;3;27;24;26;25;28;863
2;2;6;6;3;29;26;24;21;28;863
2;1;3;4;2;24;18;25;15;24;864
2;1;3;4;2;24;24;22;25;27;864
1;2;3;4;3;16;23;27;24;24;865
1;2;3;4;3;19;27;26;27;24;865
1;2;3;4;2;13;20;19;16;14;867
1;2;3;4;2;13;12;19;16;17;867
1;1;4;5;2;17;25;23;14;20;869
1;1;4;5;2;16;21;18;18;19;869
2;2;4;2;2;22;21;24;25;26;870
2;2;4;2;2;17;18;22;16;16;870
1;1;3;5;4;13;14;24;16;19;872
1;1;3;5;4;12;16;20;12;18;872
1;2;2;1;1;12;20;21;18;18;873
1;2;2;1;1;14;20;22;19;17;873
1;1;4;4;4;21;25;17;20;25;875
1;1;4;4;4;19;26;25;16;26;875
2;2;3;3;3;19;21;19;18;17;877
2;2;3;3;3;21;18;12;13;19;877
2;2;4;4;2;17;25;20;20;19;879
2;2;4;4;2;22;20;24;17;22;879
2;2;3;3;3;16;19;20;15;23;881
2;2;3;3;3;18;30;23;23;24;881
2;1;5;6;3;17;21;20;14;20;883
2;1;5;6;3;22;22;22;13;26;883
2;1;3;2;2;13;23;26;21;20;885
2;1;3;2;2;20;23;24;19;20;885
2;1;3;4;4;15;23;18;12;21;887
2;1;3;4;4;14;15;17;16;23;887
1;2;4;6;5;20;29;23;26;27;889
1;2;4;6;5;20;29;22;21;23;889
2;2;2;4;2;17;24;22;17;19;890
2;2;2;4;2;20;24;24;25;28;890
1;1;3;4;3;13;15;21;23;20;891
1;1;3;4;3;17;18;21;21;19;891
2;1;4;4;4;21;26;30;28;26;892
2;1;4;4;4;23;28;26;27;28;892
2;1;3;4;3;22;21;23;21;23;893
2;1;3;4;3;24;19;18;22;20;893
2;1;4;3;4;24;24;23;27;23;896
2;1;4;3;4;24;25;23;20;22;896
2;1;4;6;5;24;21;28;26;27;897
2;1;4;6;5;28;33;29;26;28;897
2;2;5;5;4;19;32;27;21;24;898
2;2;5;5;4;15;17;21;17;28;898
1;1;3;1;3;14;20;17;16;19;901
1;1;3;1;3;14;18;18;21;20;901
2;1;2;2;4;22;13;16;18;20;902
2;1;2;2;4;15;14;17;12;18;902
2;1;5;5;1;27;30;27;28;24;904
2;1;5;5;1;26;27;25;30;24;904
2;1;2;1;5;20;22;20;21;23;905
2;1;2;1;5;22;28;24;22;27;905
2;1;6;6;6;27;28;24;30;27;908
2;1;6;6;6;25;30;27;29;26;908
2;1;5;4;5;24;29;26;21;24;911
2;1;5;4;5;23;26;24;27;23;911
1;2;6;6;4;23;30;28;25;27;912
1;2;6;6;4;22;25;24;23;24;912
1;1;3;4;4;23;30;28;29;24;913
1;1;3;4;4;19;29;27;26;22;913
1;2;3;2;3;15;24;20;22;17;914
1;2;3;2;3;16;22;25;25;18;914
1;2;4;4;3;19;23;23;19;18;917
1;2;4;4;3;19;24;24;25;21;917
2;2;4;4;7;21;25;16;20;20;919
2;2;4;4;7;20;23;16;17;23;919
1;2;3;5;4;12;25;19;17;17;920
1;2;3;5;4;16;22;22;23;21;920
1;2;4;3;3;21;26;25;28;29;921
1;2;4;3;3;22;34;28;29;26;921
1;1;3;4;4;20;30;28;25;25;922
1;1;3;4;4;20;32;27;26;24;922
2;1;1;1;2;21;20;17;24;23;923
2;1;1;1;2;22;21;20;24;17;923
2;1;5;5;5;23;26;25;21;22;924
2;1;5;5;5;17;26;17;19;23;924
2;2;3;1;4;20;22;19;18;20;925
2;2;3;1;4;20;20;16;17;17;925
2;1;4;2;4;14;13;19;20;18;930
2;1;4;2;4;10;11;18;8;16;930
2;1;4;3;7;21;23;25;17;22;931
2;1;4;3;7;21;24;23;19;25;931
2;2;6;6;4;25;25;24;19;30;935
2;2;6;6;4;27;32;26;26;30;935
1;1;2;1;1;20;21;27;23;31;938
1;1;2;1;1;22;23;29;26;31;938
1;1;2;3;2;18;25;23;19;23;939
1;1;2;3;2;16;22;25;20;22;939
2;1;3;2;1;20;21;19;19;22;941
2;1;3;2;1;16;12;13;19;18;941
1;1;3;3;3;25;21;27;23;24;943
1;1;3;3;3;24;25;30;23;25;943
1;1;4;5;4;26;25;18;24;20;944
1;1;4;5;4;22;22;26;24;22;944
2;1;3;4;3;17;19;21;17;19;948
2;1;3;4;3;21;21;20;20;18;948
1;1;2;2;3;24;34;26;22;27;951
1;1;2;2;3;27;34;26;18;28;951
1;2;4;6;7;25;31;27;31;30;953
1;2;4;6;7;27;35;31;32;31;953
1;1;2;2;4;19;30;27;26;25;957
1;1;2;2;4;20;30;29;28;28;957
2;2;3;5;7;18;16;17;14;18;959
2;2;3;5;7;20;32;25;18;24;959
2;2;3;3;4;24;15;23;24;20;963
2;2;3;3;4;23;31;30;25;30;963
2;1;1;1;3;23;22;18;21;18;965
2;1;1;1;3;20;20;21;23;19;965
1;1;3;6;6;19;24;17;15;16;966
1;1;3;6;6;15;26;7;13;16;966
2;1;5;6;7;20;21;23;14;27;968
2;1;5;6;7;22;22;25;20;29;968
2;1;5;5;4;12;21;18;20;22;971
2;1;5;5;4;21;19;20;19;24;971
1;2;3;3;4;18;20;23;25;21;973
1;2;3;3;4;15;16;13;20;16;973
2;1;5;1;1;17;14;18;23;26;974
2;1;5;1;1;15;17;26;23;23;974
1;1;4;1;3;25;22;23;28;21;975
1;1;4;1;3;23;23;22;24;22;975
2;1;4;5;3;24;24;25;12;26;980
2;1;4;5;3;17;17;24;13;21;980
2;1;3;2;3;20;26;21;25;23;981
2;1;3;2;3;20;28;25;20;24;981
2;2;2;5;6;22;25;19;19;24;982
2;2;2;5;6;20;14;21;17;23;982
2;2;5;3;3;22;21;23;26;22;983
2;2;5;3;3;21;33;24;26;22;983
1;2;6;4;6;23;32;26;30;27;987
1;2;6;4;6;20;10;23;18;27;987
1;2;2;2;3;21;31;21;23;19;989
1;2;2;2;3;24;25;27;24;21;989
2;2;3;5;3;23;27;22;23;20;991
2;2;3;5;3;18;22;23;26;24;991
1;2;3;5;4;18;20;20;16;17;992
1;2;3;5;4;16;18;17;17;20;992
1;2;2;4;3;20;23;26;25;24;994
1;2;2;4;3;16;21;19;16;17;994
1;1;2;3;2;13;21;22;13;18;1000
1;1;2;3;2;13;28;23;22;20;1000
1;1;2;3;4;26;33;27;28;24;1002
1;1;2;3;4;21;27;24;27;22;1002
2;1;5;6;6;27;27;28;23;29;1003
2;1;5;6;6;27;32;31;27;28;1003
2;1;3;3;1;16;8;15;3;17;1005
2;1;3;3;1;16;21;18;15;23;1005
2;1;2;2;2;13;11;18;12;16;1006
2;1;2;2;2;18;17;22;10;19;1006
1;1;2;2;2;23;28;26;30;24;1007
1;1;2;2;2;25;29;28;29;29;1007
1;2;6;2;2;24;30;24;26;25;1011
1;2;6;2;2;20;21;15;19;19;1011
2;1;3;2;4;20;19;16;16;9;1013
2;1;3;2;4;17;20;16;18;15;1013
2;1;6;6;4;19;22;23;20;25;1017
2;1;6;6;4;16;24;24;23;24;1017
2;1;5;5;5;22;22;21;9;24;1020
2;1;5;5;5;23;25;24;22;22;1020
1;2;3;3;7;18;20;19;22;19;1022
1;2;3;3;7;24;27;18;23;22;1022
2;1;2;3;1;21;22;27;24;24;1023
2;1;2;3;1;27;21;26;27;24;1023
2;1;1;1;1;3;10;4;8;8;1026
2;1;1;1;1;8;10;3;9;5;1026
2;2;3;3;3;19;16;18;10;15;1028
2;2;3;3;3;12;11;13;13;6;1028
1;1;4;6;4;14;21;16;20;15;1029
1;1;4;6;4;14;25;20;19;16;1029
2;2;1;2;5;22;10;26;22;22;1036
2;2;1;2;5;18;10;24;25;16;1036
2;2;5;1;4;19;8;10;17;16;1037
2;2;5;1;4;22;16;16;12;19;1037
2;1;3;3;4;25;22;26;27;28;1041
2;1;3;3;4;24;26;26;23;24;1041
2;1;4;6;7;20;14;19;14;22;1043
2;1;4;6;7;20;18;18;15;21;1043
2;2;2;3;3;11;12;17;13;16;1044
2;2;2;3;3;20;26;19;10;15;1044
1;1;3;4;5;21;25;21;21;24;1045
1;1;3;4;5;23;27;21;23;22;1045
2;2;4;5;3;17;16;22;23;20;1046
2;2;4;5;3;23;22;26;18;23;1046
1;1;4;3;2;17;20;19;22;23;1048
1;1;4;3;2;15;24;19;23;23;1048
1;1;3;3;1;22;20;15;9;12;1050
1;1;3;3;1;21;13;14;16;15;1050
2;1;3;3;3;22;27;25;29;32;1051
2;1;3;3;3;22;18;28;25;31;1051
1;1;5;3;3;7;12;18;18;19;1054
1;1;5;3;3;20;20;23;11;18;1054
2;1;4;6;7;25;33;27;18;29;1056
2;1;4;6;7;25;27;23;14;28;1056
1;2;4;4;4;20;23;26;30;28;1057
1;2;4;4;4;19;20;23;26;20;1057
1;1;2;3;2;9;11;8;12;18;1059
1;1;2;3;2;13;10;11;15;16;1059
1;2;3;4;4;25;33;27;28;26;1062
1;2;3;4;4;22;21;22;23;21;1062
1;2;5;6;5;26;32;29;29;28;1065
1;2;5;6;5;23;35;26;33;28;1065
1;1;2;2;3;21;29;21;25;22;1070
1;1;2;2;3;22;30;25;26;25;1070
1;2;4;6;5;11;24;20;25;20;1071
1;2;4;6;5;14;26;22;26;21;1071
1;1;5;6;4;25;28;31;30;27;1072
1;1;5;6;4;24;30;29;29;31;1072
2;2;3;4;4;19;21;19;23;24;1074
2;2;3;4;4;18;26;18;20;20;1074
2;2;4;3;5;20;23;15;13;18;1078
2;2;4;3;5;19;13;14;13;19;1078
2;1;4;3;4;19;17;17;16;17;1079
2;1;4;3;4;22;16;18;22;18;1079
1;1;4;3;2;15;21;18;16;20;1083
1;1;4;3;2;17;13;16;15;25;1083
1;1;2;4;2;17;13;13;15;18;1085
1;1;2;4;2;18;19;17;22;18;1085
2;1;3;2;2;18;24;23;16;22;1089
2;1;3;2;2;20;20;23;26;24;1089
1;1;3;3;3;16;27;22;17;21;1091
1;1;3;3;3;20;25;21;24;23;1091
1;1;3;6;4;25;22;24;25;19;1092
1;1;3;6;4;27;24;21;28;21;1092
2;1;3;4;4;17;29;23;24;25;1096
2;1;3;4;4;20;23;21;25;22;1096
1;2;4;3;2;25;30;17;23;22;1097
1;2;4;3;2;20;29;28;24;26;1097
2;2;3;1;2;21;17;24;23;20;1099
2;2;3;1;2;24;23;21;25;25;1099
2;1;5;4;5;21;13;12;10;20;1100
2;1;5;4;5;19;16;17;16;20;1100
2;1;3;2;2;21;29;19;23;20;1103
2;1;3;2;2;24;21;22;24;21;1103
1;2;5;4;4;23;28;20;28;23;1104
1;2;5;4;4;26;30;24;30;26;1104
1;2;3;4;2;24;24;21;25;21;1107
1;2;3;4;2;20;20;15;23;17;1107
2;2;3;2;3;12;14;13;11;18;1108
2;2;3;2;3;21;16;20;10;19;1108
1;1;2;1;1;17;13;20;18;16;1109
1;1;2;1;1;18;11;22;16;18;1109
1;2;3;3;4;20;18;21;20;21;1110
1;2;3;3;4;20;20;26;25;26;1110
1;1;3;4;2;19;23;19;26;19;1111
1;1;3;4;2;20;28;18;23;22;1111
2;1;3;4;2;23;20;16;20;19;1112
2;1;3;4;2;23;13;18;19;16;1112
1;2;3;3;4;11;13;16;21;21;1113
1;2;3;3;4;12;16;18;23;18;1113
2;2;3;5;2;18;10;15;15;22;1114
2;2;3;5;2;11;20;14;13;22;1114
2;1;4;6;7;22;26;17;18;18;1117
2;1;4;6;7;21;25;20;18;17;1117
1;1;2;4;4;20;30;20;20;22;1118
1;1;2;4;4;15;21;17;21;14;1118
2;1;2;3;5;18;14;17;16;18;1119
2;1;2;3;5;17;14;23;17;21;1119
1;1;3;4;4;18;22;23;25;24;1120
1;1;3;4;4;20;22;23;25;25;1120
2;2;4;4;4;23;25;19;17;21;1122
2;2;4;4;4;24;30;26;24;25;1122
1;2;4;5;4;22;23;21;23;20;1123
1;2;4;5;4;22;26;16;27;21;1123
1;1;4;3;2;21;21;19;21;20;1124
1;1;4;3;2;17;12;11;17;16;1124
2;1;3;3;3;18;6;15;13;15;1125
2;1;3;3;3;18;10;18;16;18;1125
2;2;4;4;2;11;8;15;13;14;1127
2;2;4;4;2;16;3;12;18;19;1127
1;2;6;6;4;22;22;20;17;24;1128
1;2;6;6;4;23;28;23;23;27;1128
1;2;4;6;5;22;22;24;25;18;1130
1;2;4;6;5;28;33;31;31;27;1130
1;1;4;5;3;21;27;28;21;27;1131
1;1;4;5;3;24;33;27;29;24;1131
2;1;4;3;2;18;18;19;16;20;1133
2;1;4;3;2;19;13;15;12;17;1133
2;1;4;5;2;17;17;16;9;16;1135
2;1;4;5;2;19;13;17;13;16;1135
2;1;3;3;7;15;11;15;8;14;1136
2;1;3;3;7;17;13;8;17;16;1136
1;2;2;4;1;9;20;17;18;14;1137
1;2;2;4;1;13;18;16;20;12;1137
2;2;4;6;4;24;21;19;22;18;1138
2;2;4;6;4;17;14;18;17;15;1138
2;1;5;6;5;17;23;19;22;18;1140
2;1;5;6;5;20;20;18;23;19;1140
2;1;4;6;4;25;18;26;23;21;1142
2;1;4;6;4;24;24;25;24;22;1142
1;2;4;6;3;21;19;24;25;17;1143
1;2;4;6;3;27;29;28;30;24;1143
2;2;5;3;2;28;25;29;26;28;1144
2;2;5;3;2;19;21;22;23;22;1144
2;2;5;5;3;17;11;24;19;20;1145
2;2;5;5;3;18;13;15;17;15;1145
2;1;4;3;3;23;15;17;21;23;1146
2;1;4;3;3;21;22;18;20;21;1146
2;1;6;6;4;28;28;28;28;32;1147
2;1;6;6;4;29;29;27;29;30;1147
2;2;4;4;3;19;21;9;17;15;1148
2;2;4;4;3;18;18;12;20;15;1148
1;1;3;3;2;16;23;21;20;19;1152
1;1;3;3;2;17;19;19;23;20;1152
1;2;6;3;3;12;13;14;12;17;1154
1;2;6;3;3;17;18;14;12;13;1154
1;2;5;5;5;26;30;24;22;23;1158
1;2;5;5;5;20;24;12;17;18;1158
2;1;5;4;3;10;8;14;10;13;1159
2;1;5;4;3;15;8;13;11;15;1159
2;1;2;1;3;20;20;17;15;18;1160
2;1;2;1;3;17;22;14;17;17;1160
2;1;5;3;4;16;19;21;23;15;1163
2;1;5;3;4;20;20;20;24;15;1163
1;2;3;3;4;9;20;15;6;17;1164
1;2;3;3;4;15;17;16;12;17;1164
1;1;3;4;3;15;30;24;27;22;1165
1;1;3;4;3;16;24;23;25;17;1165
1;1;3;4;3;21;33;27;28;22;1166
1;1;3;4;3;20;31;28;29;22;1166
2;2;5;4;3;24;30;30;25;24;1167
2;2;5;4;3;23;22;26;28;23;1167
1;1;3;2;1;19;22;17;18;18;1168
1;1;3;2;1;14;14;15;18;15;1168
1;1;5;3;2;18;25;23;24;22;1169
1;1;5;3;2;20;27;22;27;26;1169
1;2;2;2;4;17;24;21;23;18;1172
1;2;2;2;4;14;22;18;17;20;1172
2;2;3;3;2;21;18;20;23;23;1173
2;2;3;3;2;19;17;17;16;18;1173
2;1;3;2;4;19;20;24;19;20;1174
2;1;3;2;4;20;21;20;23;20;1174
2;2;5;6;2;15;17;20;17;18;1175
2;2;5;6;2;17;20;18;11;15;1175
2;1;3;3;2;20;19;17;22;21;1176
2;1;3;3;2;19;14;14;13;18;1176
1;1;2;2;1;16;17;17;20;12;1181
1;1;2;2;1;10;20;19;19;15;1181
2;2;3;4;2;27;33;27;29;30;1182
2;2;3;4;2;21;23;28;19;27;1182
1;1;1;1;1;15;18;18;24;18;1184
1;1;1;1;1;18;16;19;17;16;1184
2;2;1;3;1;22;14;19;11;18;1185
2;2;1;3;1;20;17;17;15;21;1185
1;1;5;6;7;22;30;18;15;22;1186
1;1;5;6;7;24;22;17;23;22;1186
2;2;3;2;1;18;19;15;16;17;1189
2;2;3;2;1;11;12;17;16;18;1189
2;1;3;3;4;17;31;26;25;25;1191
2;1;3;3;4;12;20;23;23;24;1191
1;1;3;3;1;21;22;16;21;19;1192
1;1;3;3;1;19;26;20;24;18;1192
1;1;4;4;4;17;20;15;18;18;1194
1;1;4;4;4;16;17;19;19;16;1194
1;1;1;1;2;18;20;18;20;17;1201
1;1;1;1;2;20;20;19;17;20;1201
1;1;2;3;1;23;23;24;23;22;1206
1;1;2;3;1;26;29;23;25;23;1206
1;1;3;4;4;14;19;15;22;16;1209
1;1;3;4;4;16;18;16;21;17;1209
2;1;2;1;3;22;29;24;25;23;1211
2;1;2;1;3;24;26;22;29;27;1211
2;1;3;5;2;17;11;14;12;20;1213
2;1;3;5;2;14;10;10;16;19;1213
2;1;3;5;2;17;16;17;16;14;1215
2;1;3;5;2;17;18;17;10;15;1215
1;1;3;5;5;24;24;22;23;22;1216
1;1;3;5;5;17;20;21;23;18;1216
2;1;4;4;7;16;25;20;20;18;1218
2;1;4;4;7;14;18;15;22;19;1218
2;1;3;4;3;13;20;16;20;19;1221
2;1;3;4;3;16;27;22;23;19;1221
2;1;1;1;1;26;22;24;20;27;1226
2;1;1;1;1;25;20;24;26;26;1226
1;1;4;3;2;28;25;27;30;29;1227
1;1;4;3;2;19;24;23;28;25;1227
2;2;5;5;4;28;29;28;23;25;1229
2;2;5;5;4;20;17;20;23;21;1229
2;1;4;6;6;23;20;21;19;28;1230
2;1;4;6;6;26;24;25;22;28;1230
2;1;3;2;2;23;18;18;25;19;1232
2;1;3;2;2;23;18;21;19;22;1232
2;1;3;4;2;20;17;23;21;24;1234
2;1;3;4;2;23;23;22;16;22;1234
2;1;3;3;2;21;12;19;12;17;1237
2;1;3;3;2;16;19;15;21;17;1237
1;1;3;1;1;13;17;17;12;16;1240
1;1;3;1;1;14;26;16;20;16;1240
2;1;3;2;3;17;19;15;11;18;1241
2;1;3;2;3;16;20;16;11;18;1241
1;1;5;6;4;14;27;18;24;19;1242
1;1;5;6;4;13;23;15;12;19;1242
2;2;4;5;5;25;28;25;24;23;1245
2;2;4;5;5;22;19;24;16;25;1245
2;1;3;5;7;19;21;22;13;24;1247
2;1;3;5;7;17;28;28;19;27;1247
2;2;4;3;2;19;16;22;25;22;1250
2;2;4;3;2;23;16;17;14;20;1250
1;1;5;6;4;18;26;22;25;22;1252
1;1;5;6;4;21;24;23;27;22;1252
2;1;4;5;4;19;23;24;24;24;1253
2;1;4;5;4;17;19;21;17;21;1253
1;1;3;3;2;15;18;19;18;12;1254
1;1;3;3;2;16;22;21;18;13;1254
1;1;3;3;1;6;14;7;12;13;1256
1;1;3;3;1;14;18;17;13;17;1256
2;2;4;3;7;26;17;17;25;18;1258
2;2;4;3;7;20;22;15;14;18;1258
2;1;3;2;1;19;17;16;16;16;1260
2;1;3;2;1;16;18;17;17;18;1260
2;2;5;1;3;25;20;22;23;23;1261
2;2;5;1;3;21;20;16;17;21;1261
2;1;2;1;2;23;19;13;17;18;1262
2;1;2;1;2;22;17;15;20;18;1262
2;1;1;1;2;23;13;22;26;23;1266
2;1;1;1;2;24;23;19;23;22;1266
1;1;4;2;2;19;27;19;26;20;1267
1;1;4;2;2;17;26;23;25;21;1267
1;2;4;6;7;26;30;22;23;21;1268
1;2;4;6;7;25;31;26;27;23;1268
2;1;3;4;2;21;18;20;21;18;1272
2;1;3;4;2;19;20;16;19;14;1272
1;1;3;4;3;16;28;21;25;15;1274
1;1;3;4;3;19;31;26;27;21;1274
2;2;1;4;2;22;24;24;21;22;1275
2;2;1;4;2;24;32;27;31;24;1275
2;1;3;3;1;30;30;22;23;23;1276
2;1;3;3;1;28;27;17;17;23;1276
2;1;4;1;4;8;17;17;18;15;1278
2;1;4;1;4;18;16;15;21;15;1278
2;1;3;4;1;20;14;16;18;14;1279
2;1;3;4;1;19;16;20;23;22;1279
1;1;3;2;5;21;31;26;28;23;1280
1;1;3;2;5;23;30;29;25;23;1280
2;2;5;6;7;29;25;29;29;30;1281
2;2;5;6;7;28;28;29;29;30;1281
2;2;5;5;6;19;19;23;20;18;1287
2;2;5;5;6;22;22;24;16;27;1287
2;1;3;3;2;11;7;15;7;15;1288
2;1;3;3;2;16;12;18;8;18;1288
2;1;3;2;2;17;18;16;12;15;1290
2;1;3;2;2;16;19;14;15;16;1290
1;1;4;3;2;11;25;12;16;14;1293
1;1;4;3;2;15;22;12;20;14;1293
2;1;3;4;3;22;20;11;21;18;1296
2;1;3;4;3;25;25;20;21;21;1296
2;2;4;5;5;24;24;19;23;22;1300
2;2;4;5;5;21;22;20;17;22;1300
2;1;1;1;2;15;17;18;16;21;1301
2;1;1;1;2;17;21;20;18;21;1301
1;2;3;4;2;15;18;15;18;15;1304
1;2;3;4;2;13;16;11;13;12;1304
1;1;4;6;5;24;26;21;24;22;1305
1;1;4;6;5;24;24;21;20;21;1305
1;2;4;1;1;17;16;15;22;15;1306
1;2;4;1;1;13;19;16;25;19;1306
2;1;3;3;2;17;13;20;10;17;1307
2;1;3;3;2;26;20;17;20;17;1307
1;2;5;6;4;17;22;17;26;20;1308
1;2;5;6;4;18;21;21;17;20;1308
2;1;3;2;2;16;7;15;21;17;1310
2;1;3;2;2;17;20;18;18;16;1310
2;1;6;5;2;15;14;14;7;17;1316
2;1;6;5;2;13;14;11;16;18;1316
1;1;3;3;4;26;23;25;24;27;1323
1;1;3;3;4;24;27;24;27;24;1323
1;1;5;6;2;17;25;18;25;18;1325
1;1;5;6;2;23;25;19;23;21;1325
1;2;5;5;4;22;22;15;23;19;1327
1;2;5;5;4;21;20;22;23;21;1327
1;1;3;3;2;23;25;18;20;18;1329
1;1;3;3;2;18;26;21;25;20;1329
1;1;4;6;4;21;22;25;26;25;1330
1;1;4;6;4;22;27;26;26;25;1330
1;1;5;6;7;19;27;27;26;23;1331
1;1;5;6;7;21;28;29;29;24;1331
1;2;6;6;6;9;18;17;10;17;1332
1;2;6;6;6;21;32;26;28;24;1332
1;1;3;3;4;21;28;19;23;28;1333
1;1;3;3;4;23;31;24;26;27;1333
2;2;3;3;2;21;18;15;18;14;1334
2;2;3;3;2;18;20;18;16;18;1334
2;1;2;2;2;17;14;18;16;18;1336
2;1;2;2;2;18;14;20;15;18;1336
2;1;4;5;3;17;18;17;14;16;1337
2;1;4;5;3;15;20;17;24;15;1337
2;1;3;4;3;18;24;14;16;21;1338
2;1;3;4;3;20;25;17;15;20;1338
1;2;2;2;2;22;22;14;12;18;1339
1;2;2;2;2;22;20;19;10;18;1339
1;2;5;5;5;19;25;22;23;20;1341
1;2;5;5;5;22;25;30;25;24;1341
2;2;5;3;2;19;14;17;16;17;1345
2;2;5;3;2;15;20;14;19;16;1345
2;1;5;5;4;20;19;14;13;20;1351
2;1;5;5;4;21;21;22;13;22;1351
2;2;5;6;4;30;28;28;28;30;1352
2;2;5;6;4;29;29;27;29;30;1352
1;1;5;6;5;24;32;27;30;32;1353
1;1;5;6;5;26;30;30;30;32;1353
1;2;2;2;4;7;13;9;17;14;1354
1;2;2;2;4;13;20;17;19;15;1354
1;1;3;3;3;8;13;14;14;4;1357
1;1;3;3;3;12;18;13;16;12;1357
1;2;4;6;4;24;28;28;22;22;1359
1;2;4;6;4;19;31;31;27;26;1359
2;2;3;3;7;15;13;13;9;17;1360
2;2;3;3;7;17;17;18;16;20;1360
1;2;5;4;4;20;26;23;26;28;1361
1;2;5;4;4;27;32;32;29;30;1361
2;1;3;4;5;22;24;28;23;30;1365
2;1;3;4;5;24;27;26;23;29;1365
1;1;4;3;2;14;23;15;11;12;1366
1;1;4;3;2;13;22;18;12;14;1366
1;1;3;3;2;22;24;16;11;16;1367
1;1;3;3;2;18;24;20;26;18;1367
2;2;3;4;2;18;11;18;11;17;1369
2;2;3;4;2;20;23;24;16;22;1369
1;2;3;3;2;25;24;24;23;27;1370
1;2;3;3;2;26;25;29;26;28;1370
2;1;2;4;2;20;13;18;16;18;1371
2;1;2;4;2;23;15;23;15;19;1371
1;1;5;6;5;20;21;15;22;21;1372
1;1;5;6;5;20;20;18;24;18;1372
1;1;6;5;5;23;27;25;28;26;1374
1;1;6;5;5;21;32;28;28;23;1374
2;1;3;4;2;18;20;20;15;21;1375
2;1;3;4;2;20;20;21;15;21;1375
2;1;3;5;4;21;20;21;16;17;1378
2;1;3;5;4;19;17;20;23;18;1378
2;1;3;4;4;24;24;29;23;27;1379
2;1;3;4;4;29;30;28;28;29;1379
1;2;6;6;7;20;28;26;28;24;1383
1;2;6;6;7;21;21;14;15;14;1383
2;1;2;2;2;19;13;14;12;12;1384
2;1;2;2;2;19;14;17;12;13;1384
2;1;2;3;2;15;11;16;20;19;1386
2;1;2;3;2;20;21;20;11;20;1386
2;2;3;5;3;20;22;20;17;25;1387
2;2;3;5;3;21;26;19;16;23;1387
2;2;4;4;2;27;20;18;24;21;1388
2;2;4;4;2;21;14;18;19;20;1388
2;1;2;2;2;19;11;18;14;17;1390
2;1;2;2;2;21;15;18;23;17;1390
2;2;3;2;5;17;22;15;12;18;1392
2;2;3;2;5;19;17;20;16;16;1392
1;2;2;1;2;23;26;23;26;27;1393
1;2;2;1;2;25;12;22;25;26;1393
1;1;3;3;2;13;32;21;25;18;1395
1;1;3;3;2;10;31;24;26;20;1395
2;1;2;3;3;20;13;16;17;16;1396
2;1;2;3;3;19;19;16;20;17;1396
2;2;3;3;2;27;25;23;24;22;1397
2;2;3;3;2;21;23;20;19;21;1397
1;1;2;2;3;11;12;14;16;14;1398
1;1;2;2;3;12;10;15;16;15;1398
2;2;4;6;3;16;14;23;19;20;1399
2;2;4;6;3;20;16;23;25;27;1399
2;1;5;3;3;23;17;20;24;19;1402
2;1;5;3;3;22;17;24;21;22;1402
1;1;3;4;3;9;21;16;11;18;1405
1;1;3;4;3;15;20;17;12;17;1405
2;1;3;4;2;13;11;17;13;19;1408
2;1;3;4;2;17;11;18;10;19;1408
1;2;4;6;5;17;20;19;16;24;1411
1;2;4;6;5;16;24;19;23;24;1411
2;1;3;3;2;17;17;16;22;24;1414
2;1;3;3;2;22;17;21;14;27;1414
1;1;4;6;6;20;24;28;27;29;1417
1;1;4;6;6;20;32;30;30;30;1417
1;1;4;4;4;24;25;22;25;22;1418
1;1;4;4;4;19;28;23;26;22;1418
2;1;3;3;2;19;21;19;15;21;1421
2;1;3;3;2;19;18;17;15;22;1421
2;2;5;4;4;27;19;31;28;29;1424
2;2;5;4;4;25;20;27;27;28;1424
2;1;2;1;2;18;14;18;18;18;1426
2;1;2;1;2;17;13;18;19;16;1426
2;2;6;5;4;16;19;19;20;23;1429
2;2;6;5;4;12;17;18;16;23;1429
2;1;1;3;2;23;14;22;25;18;1430
2;1;1;3;2;26;12;23;20;18;1430
1;1;1;2;2;12;21;16;18;16;1431
1;1;1;2;2;19;20;19;18;20;1431
2;1;3;3;2;15;14;10;12;12;1432
2;1;3;3;2;17;19;17;21;14;1432
1;2;1;3;1;22;14;19;20;14;1433
1;2;1;3;1;27;22;24;28;25;1433
1;1;2;1;1;18;20;17;20;15;1434
1;1;2;1;1;17;16;18;12;15;1434
1;2;3;4;4;24;30;27;29;28;1437
1;2;3;4;4;20;20;21;24;23;1437
2;1;4;6;7;19;23;24;23;21;1439
2;1;4;6;7;22;29;27;23;25;1439
2;2;1;1;1;17;11;17;13;13;1440
2;2;1;1;1;17;10;19;10;14;1440
1;1;3;5;4;24;30;21;23;22;1442
1;1;3;5;4;20;22;20;23;20;1442
1;1;4;5;4;5;12;4;3;11;1445
1;1;4;5;4;6;13;3;6;15;1445
2;1;5;4;4;21;19;20;25;18;1446
2;1;5;4;4;16;11;16;12;14;1446
2;1;3;2;2;14;18;15;17;19;1447
2;1;3;2;2;18;14;16;14;14;1447
1;1;4;3;4;27;25;27;24;28;1453
1;1;4;3;4;26;22;25;27;28;1453
2;1;4;5;4;20;21;22;17;19;1455
2;1;4;5;4;24;23;20;11;18;1455
1;1;4;5;5;29;34;25;28;30;1456
1;1;4;5;5;24;35;23;30;28;1456
2;2;3;3;4;23;27;28;26;27;1457
2;2;3;3;4;20;21;25;24;22;1457
1;1;3;3;2;11;13;15;13;16;1459
1;1;3;3;2;19;14;19;16;17;1459
1;1;3;3;4;15;25;23;26;22;1460
1;1;3;3;4;18;22;27;21;20;1460
1;1;1;1;1;22;25;25;23;23;1461
1;1;1;1;1;21;27;25;22;23;1461
2;1;5;5;3;24;30;23;21;23;1465
2;1;5;5;3;22;28;20;20;20;1465
2;1;3;4;3;27;26;25;26;28;1466
2;1;3;4;3;24;26;25;25;24;1466
2;2;3;4;2;16;20;9;12;16;1468
2;2;3;4;2;22;20;21;22;21;1468
2;1;1;1;1;13;10;13;12;16;1470
2;1;1;1;1;13;12;8;7;15;1470
1;1;3;5;3;22;29;23;23;21;1473
1;1;3;5;3;26;30;25;25;24;1473
1;2;4;2;2;24;24;27;28;18;1477
1;2;4;2;2;22;22;24;24;20;1477
2;1;2;4;3;15;17;18;19;23;1478
2;1;2;4;3;17;18;12;14;23;1478
2;2;2;3;1;16;13;17;13;18;1481
2;2;2;3;1;20;16;17;15;23;1481
2;1;5;3;5;22;23;20;22;23;1484
2;1;5;3;5;26;24;23;23;26;1484
1;1;4;4;1;21;30;28;25;27;1485
1;1;4;4;1;21;29;24;25;23;1485
2;2;3;4;2;24;14;20;18;20;1486
2;2;3;4;2;26;19;20;18;21;1486
1;1;3;3;3;22;30;25;27;23;1491
1;1;3;3;3;24;25;26;29;23;1491
1;2;5;6;3;15;25;16;14;23;1493
1;2;5;6;3;9;8;13;8;14;1493
1;1;3;1;1;27;29;28;32;27;1494
1;1;3;1;1;26;28;29;31;32;1494
1;2;4;3;2;24;20;22;18;21;1495
1;2;4;3;2;24;28;18;24;20;1495
2;2;3;4;5;22;19;22;18;20;1496
2;2;3;4;5;20;21;15;21;20;1496
1;2;3;5;4;23;33;25;23;24;1497
1;2;3;5;4;14;23;23;24;22;1497
2;2;3;6;3;9;13;12;6;13;1499
2;2;3;6;3;12;14;13;11;15;1499
1;2;1;4;2;23;29;24;19;23;1500
1;2;1;4;2;17;24;20;21;22;1500
1;2;1;1;1;15;21;22;19;21;1501
1;2;1;1;1;20;22;25;25;24;1501
1;1;3;4;4;16;22;26;23;25;1503
1;1;3;4;4;18;23;24;21;27;1503
2;1;4;4;3;18;12;20;15;19;1504
2;1;4;4;3;17;7;18;11;21;1504
2;2;3;4;2;23;14;24;20;25;1505
2;2;3;4;2;20;25;18;25;21;1505
