Code;Sex;Age;Family_Income;HS_GPA;IQ;Class_Standing;Drinks_Week;Confidence;Hardworker;Number_Grade;Final_Grade;sexplus;Final_Gradeplus
1;1;21;2;3;111;4;3;12;9;73,5997163129492;2;2;3
2;1;23;1;3;91;4;1;9;8;66,2935076930301;1;2;2
3;0;21;3;1;114;2;3;15;9;84,3170395522832;3;1;4
4;0;21;2;4;117;2;2;11;9;75,8498484877184;2;1;3
5;1;22;3;4;105;4;8;12;9;78,2448229236321;2;2;3
6;0;20;3;1;124;1;8;19;9;65,6782631469105;1;1;2
7;1;23;3;2;89;1;8;14;9;61,0481430659374;1;2;2
8;1;22;2;3;97;1;8;12;9;94,2296011495856;4;2;5
9;1;23;2;4;90;4;8;12;12;94,615684377715;4;2;5
10;1;23;2;4;87;4;8;8;9;85,919876409301;3;2;4
11;1;23;3;4;77;4;8;8;8;65,1375775325172;1;2;2
12;0;22;2;4;96;4;8;6;8;83,3563667465798;3;1;4
13;1;23;4;4;88;4;8;5;11;84,091051269143;3;2;4
14;1;22;2;4;106;4;8;10;10;95,310194455493;4;2;5
15;1;23;2;4;90;4;8;8;12;96,7997100126743;4;2;5
16;1;22;4;4;101;4;8;9;7;73,5153402061845;2;2;3
17;0;23;3;4;94;4;8;13;10;84,9871861074873;3;1;4
18;1;22;2;4;109;2;8;8;9;85,8809026556077;3;2;4
19;0;22;2;3;100;2;8;9;11;97,0829887492699;4;1;5
20;0;23;2;3;82;2;8;4;8;73,4729214372701;2;1;3
21;1;22;2;2;107;2;8;10;8;95,7334418344657;4;2;5
22;0;22;3;4;102;2;8;12;7;64,4318678872386;1;1;2
23;0;22;2;4;97;2;8;5;10;92,7092368275926;4;1;5
24;1;22;4;4;107;2;8;10;7;73,3986202249142;2;2;3
25;0;23;2;4;89;2;8;8;8;73,9769070543954;2;1;3
26;1;22;2;3;96;4;7;11;10;94,2052685920862;4;2;5
27;1;22;1;4;99;2;7;12;8;74,8948737349062;2;2;3
28;1;21;2;4;112;2;7;0;9;74,3344884992137;2;2;3
29;1;22;4;1;108;2;7;13;8;76,3669650681306;2;2;3
30;0;21;3;4;122;2;7;14;10;64,9392671859863;1;1;2
31;0;22;4;3;105;2;7;16;9;74,1034069001798;2;1;3
32;1;22;2;4;96;2;7;7;8;50,0895755721288;0;2;1
33;1;21;2;4;112;1;6;12;10;96,9040046660882;4;2;5
34;0;23;3;4;89;1;6;5;9;76,2455065497587;2;1;3
35;1;23;3;4;84;4;6;8;9;65,8909648762476;1;2;2
36;1;23;4;4;87;4;6;7;11;77,9366760267222;2;2;3
37;1;23;2;4;81;4;6;10;11;94,9793571552323;4;2;5
38;0;22;2;2;96;2;6;14;9;87,2835906319665;3;1;4
39;1;23;1;4;94;2;6;12;9;75,5393649883759;2;2;3
40;0;22;3;3;98;2;6;14;6;52,1133406552439;0;1;1
41;0;20;4;4;130;2;6;10;8;64,431402208057;1;1;2
42;0;23;3;4;92;2;6;8;9;82,4130878197297;3;1;4
43;1;22;2;4;98;2;6;10;7;63,4600793476987;1;2;2
44;1;22;2;1;102;2;6;12;11;97,4268263660222;4;2;5
45;0;20;4;3;134;2;6;12;7;76,6028414974859;2;1;3
46;1;22;2;4;106;2;6;11;10;85,9753035696643;3;2;4
47;1;21;1;1;111;4;5;9;6;52,1620133251972;0;2;1
48;1;21;3;2;119;4;5;12;11;86,3216397915855;3;2;4
49;1;22;2;1;106;1;5;14;9;84,654527234273;3;2;4
50;1;23;4;3;86;1;5;14;9;84,9844015880937;3;2;4
51;0;21;2;4;122;1;5;15;9;74,724260358017;2;1;3
52;0;23;2;4;90;1;5;12;9;74,3879928014963;2;1;3
53;1;22;2;4;100;1;5;12;9;76,5282844982995;2;2;3
54;0;21;3;4;112;1;5;6;9;95,7781828936932;4;1;5
55;1;23;1;4;94;4;5;12;9;62,8944458204658;1;2;2
56;1;23;3;4;91;4;5;8;10;73,5644893155833;2;2;3
57;1;23;2;4;90;4;5;10;6;49,2761039685222;0;2;1
58;1;23;1;1;86;4;5;10;9;97,0781235674856;4;2;5
59;1;24;4;4;74;4;5;7;9;73,6097778046179;2;2;3
60;0;24;3;4;76;4;5;11;9;73,1343814069283;2;1;3
61;1;21;2;3;114;4;5;11;9;84,8997599468465;3;2;4
62;0;23;4;4;89;4;5;2;8;75,3671294100878;2;1;3
63;1;22;2;4;95;4;5;12;8;74,5565498332982;2;2;3
64;1;21;3;4;112;4;5;12;8;50,0346629732225;0;2;1
65;1;22;2;4;95;4;5;6;9;77,4186740895238;2;2;3
66;1;22;2;4;101;4;5;11;11;93,875821747775;4;2;5
67;0;23;3;4;88;2;5;16;8;74,4264184740665;2;1;3
68;0;21;3;3;111;2;5;14;9;82,2516422409691;3;1;4
69;0;23;3;4;94;2;5;7;9;85,705830334157;3;1;4
70;1;22;2;1;101;2;5;12;9;94,0791570913372;4;2;5
71;0;22;2;3;103;2;5;13;9;74,8299694775208;2;1;3
72;1;22;1;3;101;2;5;12;9;64,2773798131811;1;2;2
73;0;23;3;1;93;2;5;15;10;95,8603974601445;4;1;5
74;0;20;3;3;124;2;5;17;11;93,4351657897773;4;1;5
75;1;22;1;3;104;2;5;12;8;73,1530481661608;2;2;3
76;0;20;1;2;126;2;5;14;11;94,2576605104157;4;1;5
77;1;22;3;3;98;2;5;12;7;64,9451791295573;1;2;2
78;1;22;2;2;105;2;5;12;8;74,4844818112277;2;2;3
79;0;21;4;3;114;2;5;15;11;93,108481045104;4;1;5
80;1;22;1;4;100;2;5;9;10;78,2109018098496;2;2;3
81;1;21;2;3;113;2;5;9;8;50,6362285064663;0;2;1
82;0;22;2;3;100;2;5;2;11;85,552719041152;3;1;4
83;1;22;2;4;107;2;5;12;9;75,0852789813602;2;2;3
84;1;22;4;2;105;2;5;13;8;96,173175669506;4;2;5
85;1;20;4;4;127;2;5;13;10;96,4715249899892;4;2;5
86;0;21;1;2;112;2;5;10;10;76,1729255979212;2;1;3
87;0;21;3;2;120;2;5;13;8;62,6292385699791;1;1;2
88;1;20;2;4;125;2;5;13;9;95,6421980320788;4;2;5
89;1;22;3;2;102;2;5;16;10;97,0998772009357;4;2;5
90;1;23;3;4;92;2;5;9;9;73,829285849773;2;2;3
91;1;20;2;3;130;2;5;12;10;84,357356006902;3;2;4
92;0;20;3;4;128;2;5;12;8;74,869957980061;2;1;3
93;1;22;2;1;108;2;5;12;9;83,4476844024587;3;2;4
94;0;21;3;3;121;2;5;13;7;65,920169931813;1;1;2
95;0;23;2;2;93;2;5;18;11;95,1555524524964;4;1;5
96;0;22;1;1;97;2;5;13;11;94,3712565175742;4;1;5
97;0;21;3;4;112;2;5;9;10;93,4980015406149;4;1;5
98;0;23;2;4;94;2;5;9;9;75,1839095302231;2;1;3
99;0;23;3;4;92;2;5;8;6;48,1106417732137;0;1;1
100;0;23;2;4;91;2;5;8;8;87,8296161512908;3;1;4
101;1;23;4;3;90;2;5;12;9;95,2402920661666;4;2;5
102;1;22;3;4;97;2;5;7;10;76,6005037267394;2;2;3
103;1;20;3;4;127;2;5;10;6;47,1229744639199;0;2;1
104;1;21;2;1;123;2;5;16;8;97,1081363529792;4;2;5
105;1;20;1;4;124;3;4;8;8;75,3217319655502;2;2;3
106;1;19;1;4;136;3;4;9;6;48,5958286429234;0;2;1
107;1;21;2;4;123;3;4;11;9;75,9031732147791;2;2;3
108;1;20;2;3;132;3;4;12;10;96,4075783542775;4;2;5
109;0;20;3;4;134;3;4;13;9;76,106704311583;2;1;3
110;1;22;1;4;100;4;4;4;8;75,4481785985936;2;2;3
111;1;20;4;4;124;4;4;14;7;47,5131430736383;0;2;1
112;1;20;2;4;130;4;4;12;8;75,9263686472312;2;2;3
113;0;21;2;4;118;4;4;9;7;74,6866627595791;2;1;3
114;1;20;3;2;128;4;4;10;8;76,0757446208176;2;2;3
115;0;21;3;3;113;4;4;14;10;86,4095633414136;3;1;4
116;1;21;1;4;122;1;4;12;9;53,4444094439182;0;2;1
117;1;22;1;3;109;1;4;12;8;64,2917326690647;1;2;2
118;1;22;3;4;108;1;4;12;7;52,8667037140476;0;2;1
119;0;21;3;2;114;1;4;13;11;73,8030037906709;2;1;3
120;1;22;3;2;109;1;4;12;9;63,9975469016154;1;2;2
121;1;21;2;4;119;1;4;12;11;75,4134399960962;2;2;3
122;1;21;2;1;112;1;4;13;7;75,4845587296884;2;2;3
123;1;23;3;4;91;1;4;10;8;63,2136047931348;1;2;2
124;1;22;4;4;96;1;4;4;8;94,863072464999;4;2;5
125;1;21;4;4;110;1;4;12;10;96,7093251146372;4;2;5
126;0;23;4;4;89;1;4;16;9;65,8697939844906;1;1;2
127;0;22;4;2;108;1;4;14;8;85,2557967447877;3;1;4
128;0;21;2;4;114;1;4;7;8;66,4183884989218;1;1;2
129;1;23;4;4;90;1;4;12;9;75,3388584823452;2;2;3
130;1;21;4;4;121;1;4;9;8;50,1890951100911;0;2;1
131;1;22;3;4;109;1;4;9;9;84,9107207482356;3;2;4
132;1;21;2;4;119;1;4;14;8;49,8040650349843;0;2;1
133;1;21;2;4;122;1;4;11;7;63,3765830398151;1;2;2
134;0;21;3;1;118;1;4;13;11;95,1488663604053;4;1;5
135;1;22;3;2;106;1;4;14;10;75,7258279701921;2;2;3
136;1;22;2;4;99;1;4;15;10;94,7939349882765;4;2;5
137;1;21;3;2;113;1;4;12;9;75,3236404531166;2;2;3
138;1;21;2;4;117;1;4;12;8;75,5638365772046;2;2;3
139;1;21;3;4;113;1;4;10;10;72,0475024263806;2;2;3
140;1;23;1;4;83;4;4;12;9;74,9169858349137;2;2;3
141;1;22;3;4;97;4;4;12;11;94,9791833367882;4;2;5
142;1;23;2;3;92;4;4;16;10;84,7453774238867;3;2;4
143;1;24;3;4;74;4;4;8;8;74,6786152032891;2;2;3
144;1;22;4;2;101;4;4;14;10;75,8870426546644;2;2;3
145;1;23;3;4;86;4;4;15;7;50,6932285735518;0;2;1
146;1;21;2;4;116;4;4;12;8;76,2917185723555;2;2;3
147;1;22;2;4;106;4;4;8;11;85,1201244630396;3;2;4
148;1;23;2;4;82;4;4;10;10;94,8802235902303;4;2;5
149;1;23;2;4;94;4;4;12;9;85,0308621330262;3;2;4
150;1;23;3;2;86;4;4;16;7;74,7653425387388;2;2;3
151;0;22;3;4;103;4;4;12;10;64,3010306177847;1;1;2
152;1;23;2;2;92;4;4;10;9;75,3687830598861;2;2;3
153;1;23;3;4;78;4;4;9;8;74,2129545291296;2;2;3
154;0;23;4;2;86;4;4;11;11;95,524840373992;4;1;5
155;0;20;4;4;126;2;4;5;11;84,7549537519339;3;1;4
156;0;22;4;3;97;2;4;12;8;87,466423288207;3;1;4
157;1;22;4;2;102;2;4;16;10;73,1273493105726;2;2;3
158;1;22;3;3;101;2;4;18;9;76,0791009653724;2;2;3
159;1;22;2;3;103;2;4;14;10;84,4884452657934;3;2;4
160;0;21;2;3;112;2;4;16;10;96,0802364826538;4;1;5
161;1;20;2;3;133;2;4;14;9;84,4703976597046;3;2;4
162;1;21;2;3;122;2;4;13;10;93,6705377266031;4;2;5
163;0;21;1;4;122;2;4;11;7;53,0494425890149;0;1;1
164;1;22;3;2;99;2;4;13;10;85,3734898823729;3;2;4
165;0;21;3;3;116;2;4;18;7;84,9833257661565;3;1;4
166;0;22;3;2;105;2;4;12;9;74,1789609286739;2;1;3
167;1;20;3;1;131;2;4;13;11;75,7606096637725;2;2;3
168;1;23;3;4;93;2;4;13;8;52,6794795871606;0;2;1
169;1;22;2;2;97;2;4;14;9;95,796722885967;4;2;5
170;1;22;2;2;105;2;4;14;12;95,39877832913;4;2;5
171;0;20;2;2;127;2;4;19;8;66,7180667985973;1;1;2
172;1;20;2;4;125;2;4;12;9;96,7616840216078;4;2;5
173;1;22;4;2;100;2;4;12;9;62,2113534250515;1;2;2
174;0;23;4;1;89;2;4;12;10;82,4230881183139;3;1;4
175;0;23;4;2;91;2;4;12;11;86,80776738211;3;1;4
176;1;22;4;4;105;2;4;13;8;74,871145996131;2;2;3
177;1;22;3;4;101;2;4;9;7;50,1349186855025;0;2;1
178;1;23;3;2;94;2;4;12;11;92,0500512028584;4;2;5
179;0;21;2;4;122;2;4;12;10;95,4516729096276;4;1;5
180;1;22;2;3;98;2;4;13;9;85,6643732278147;3;2;4
181;0;20;4;2;125;2;4;12;8;75,4152613651557;2;1;3
182;0;22;4;1;107;2;4;12;9;86,2175595771754;3;1;4
183;0;23;4;4;89;2;4;7;7;49,4809141619182;0;1;1
184;0;20;4;3;128;2;4;16;8;95,8727248929927;4;1;5
185;0;20;4;2;128;2;4;16;10;75,0587948864089;2;1;3
186;1;20;4;4;134;2;4;10;10;84,586711183339;3;2;4
187;1;22;4;2;97;2;4;15;7;74,4888523327529;2;2;3
188;0;20;3;1;131;2;4;12;9;74,4422928322776;2;1;3
189;1;21;2;1;116;2;4;11;10;86,2191266942435;3;2;4
190;0;21;3;1;119;2;4;12;8;74,2706057439646;2;1;3
191;0;21;3;1;118;2;4;16;7;62,3886313805137;1;1;2
192;1;20;2;2;131;2;4;9;8;85,0715816105061;3;2;4
193;1;21;2;2;123;2;4;12;9;75,6893154955318;2;2;3
194;0;22;3;3;98;2;4;16;6;48,1728778567102;0;1;1
195;1;20;3;3;126;2;4;13;6;48,8066071066356;0;2;1
196;0;22;3;1;100;2;4;19;11;94,9647180916165;4;1;5
197;1;22;2;2;106;2;4;12;8;75,3678750862363;2;2;3
198;0;22;1;4;109;2;4;16;8;65,0110605194978;1;1;2
199;1;23;2;4;93;2;4;12;12;75,3207656837419;2;2;3
200;0;23;3;4;94;2;4;8;10;64,8371178960543;1;1;2
201;0;23;2;2;85;2;4;8;8;74,6961305354019;2;1;3
202;1;21;2;2;113;2;4;12;7;48,522791946877;0;2;1
203;1;21;3;4;110;2;4;12;9;86,2433597619942;3;2;4
204;1;22;2;3;108;2;4;16;8;97,2135455241548;4;2;5
205;0;22;2;3;104;2;4;16;7;65,170724334041;1;1;2
206;0;22;3;1;103;2;4;13;9;76,2622811343907;2;1;3
207;0;23;2;1;94;2;4;16;10;77,4611874173978;2;1;3
208;1;22;3;4;101;2;4;6;10;75,70485630732;2;2;3
209;1;22;2;1;97;2;4;16;9;83,5398716158254;3;2;4
210;1;20;3;1;126;2;4;12;8;74,927137208939;2;2;3
211;0;22;3;4;95;2;4;12;8;73,3035366108865;2;1;3
212;1;22;3;1;97;2;4;12;10;75,4041885666606;2;2;3
213;1;20;2;1;127;2;4;13;11;85,5858004454732;3;2;4
214;1;21;2;2;120;2;4;12;9;95,6258644811446;4;2;5
215;0;22;2;1;109;2;4;11;9;74,8439610838798;2;1;3
216;0;22;4;2;103;2;4;12;12;84,1580323779095;3;1;4
217;1;21;3;3;110;2;4;12;12;93,8099689941648;4;2;5
218;0;23;1;4;87;2;4;12;9;75,7018544999122;2;1;3
219;1;21;3;3;117;2;4;14;11;75,5759376497328;2;2;3
220;1;20;1;4;130;3;3;10;12;93,5063266509967;4;2;5
221;1;19;1;4;138;3;3;9;7;86,1971760382687;3;2;4
222;1;19;2;4;139;3;3;11;8;65,1246381350054;1;2;2
223;1;20;3;4;128;3;3;13;9;84,6961407639864;3;2;4
224;1;21;3;3;115;4;3;10;8;74,8301552766286;2;2;3
225;0;20;2;2;129;4;3;13;12;95,8627052147208;4;1;5
226;1;20;3;2;125;4;3;12;6;48,8954214544488;0;2;1
227;1;20;3;4;130;4;3;13;9;75,7870720288484;2;2;3
228;1;20;3;4;128;4;3;13;8;75,8652878133363;2;2;3
229;1;20;3;4;128;1;3;12;11;95,299104264722;4;2;5
230;1;22;1;4;109;1;3;12;8;77,8583850123087;2;2;3
231;0;23;3;4;88;1;3;12;10;95,1529012337055;4;1;5
232;1;21;2;4;120;1;3;12;6;73,7727002968733;2;2;3
233;0;21;2;4;121;1;3;12;10;83,936779756136;3;1;4
234;1;20;2;2;125;1;3;12;7;52,4709745634133;0;2;1
235;0;19;4;1;135;1;3;12;10;72,9293039504558;2;1;3
236;1;22;1;4;107;1;3;11;7;74,167758536468;2;2;3
237;1;22;1;4;105;1;3;7;8;74,5447227829346;2;2;3
238;0;22;3;4;103;1;3;10;8;85,3089289901912;3;1;4
239;1;20;2;4;134;1;3;11;9;94,9487534008642;4;2;5
240;0;22;2;4;108;1;3;11;6;63,8398843009485;1;1;2
241;0;22;2;4;101;1;3;12;11;74,1128383424008;2;1;3
242;1;21;4;4;119;1;3;13;9;85,0953702971127;3;2;4
243;0;21;2;1;123;1;3;18;9;94,9972916628146;4;1;5
244;0;22;3;2;103;1;3;12;9;75,6556039807815;2;1;3
245;1;20;1;4;132;1;3;12;7;68,5631371334618;1;2;2
246;1;21;3;4;115;1;3;12;9;74,5546588996922;2;2;3
247;0;22;2;4;105;1;3;8;8;76,9732118728113;2;1;3
248;1;22;4;3;109;1;3;16;10;84,7916678250339;3;2;4
249;0;22;2;3;105;1;3;16;9;84,7004951229144;3;1;4
250;0;20;2;4;125;1;3;8;11;96,1772864830222;4;1;5
251;1;20;2;1;124;1;3;12;9;73,9789036392243;2;2;3
252;1;22;3;4;103;1;3;6;10;97,6457047687833;4;2;5
253;1;21;4;1;117;1;3;20;7;76,1718468065625;2;2;3
254;1;22;2;4;105;1;3;12;7;53,1137370933434;0;2;1
255;1;20;2;4;129;1;3;12;9;95,4165783929095;4;2;5
256;1;20;2;4;134;1;3;12;9;74,1217702851342;2;2;3
257;0;21;2;4;117;1;3;12;7;75,6274465376102;2;1;3
258;0;20;2;2;124;1;3;16;10;87,7845096355872;3;1;4
259;0;20;2;4;125;1;3;10;8;50,7345679342185;0;1;1
260;1;22;2;4;100;1;3;13;7;85,9816402848656;3;2;4
261;1;20;1;4;133;1;3;12;7;67,0915578009573;1;2;2
262;1;22;2;4;109;4;3;12;9;73,8957272911098;2;2;3
263;1;24;3;3;76;4;3;12;11;85,1102851672845;3;2;4
264;0;21;2;4;111;4;3;14;10;85,8517453498422;3;1;4
265;1;23;2;4;82;4;3;12;9;74,2882751292312;2;2;3
266;1;23;2;4;88;4;3;12;8;73,0910753168263;2;2;3
267;1;21;4;2;115;4;3;12;9;75,3559959855452;2;2;3
268;1;23;4;2;86;4;3;13;9;96,4864633849144;4;2;5
269;1;22;4;3;98;4;3;13;11;93,2891332693666;4;2;5
270;1;23;4;4;89;4;3;12;9;73,9977110018284;2;2;3
271;0;23;3;4;90;4;3;12;10;73,7959713141392;2;1;3
272;1;23;3;4;89;4;3;12;8;75,6635930232331;2;2;3
273;1;23;3;4;81;4;3;12;9;86,2695340747988;3;2;4
274;0;23;2;4;88;4;3;6;6;75,5699656519719;2;1;3
275;1;23;2;4;90;4;3;8;10;95,8565089549605;4;2;5
276;0;22;2;4;100;4;3;12;8;63,7057139620533;1;1;2
277;1;22;2;4;103;4;3;12;11;96,0013115191908;4;2;5
278;1;23;2;4;88;4;3;0;8;84,0323154495574;3;2;4
279;1;22;2;3;101;4;3;14;11;95,2728782010769;4;2;5
280;1;23;2;4;82;4;3;4;11;84,7837033591558;3;2;4
281;0;23;2;4;87;4;3;12;7;64,7097855004471;1;1;2
282;0;23;3;4;94;4;3;12;7;76,7053337809363;2;1;3
283;0;24;2;3;74;4;3;19;10;96,3176299656817;4;1;5
284;1;21;2;4;116;4;3;13;8;49,3534209525691;0;2;1
285;0;23;3;2;83;4;3;13;9;74,7040137523672;2;1;3
286;1;23;2;4;83;4;3;15;9;83,2382778008244;3;2;4
287;1;23;3;4;91;4;3;11;7;49,0075202098055;0;2;1
288;1;22;2;4;104;4;3;12;9;85,1285424365991;3;2;4
289;1;23;4;4;86;4;3;12;8;64,4990261118013;1;2;2
290;1;23;2;4;94;4;3;13;10;94,1266160757385;4;2;5
291;1;23;2;4;85;4;3;10;9;76,037765297711;2;2;3
292;1;22;1;4;108;4;3;16;8;49,6430604087645;0;2;1
293;1;23;3;3;90;4;3;8;10;87,7756363648353;3;2;4
294;1;24;3;4;74;4;3;9;9;93,6516744593636;4;2;5
295;1;23;2;4;87;4;3;12;10;93,6846508367054;4;2;5
296;1;22;2;3;101;4;3;18;7;76,6196732108305;2;2;3
297;1;22;3;4;95;4;3;12;9;87,8188008017122;3;2;4
298;1;22;3;3;98;4;3;12;9;73,6132595115437;2;2;3
299;1;21;1;3;119;2;3;18;9;75,241037500803;2;2;3
300;0;21;4;2;122;2;3;6;9;84,4323316251475;3;1;4
301;1;19;3;4;136;2;3;15;9;92,8959946431646;4;2;5
302;1;20;3;2;132;2;3;16;9;75,2412114750734;2;2;3
303;0;20;3;1;124;2;3;12;9;87,4635988409811;3;1;4
304;0;21;3;3;117;2;3;20;6;51,4731850431866;0;1;1
305;0;23;3;1;86;2;3;16;11;93,6418658866723;4;1;5
306;0;21;1;1;122;2;3;13;10;94,8076929977758;4;1;5
307;0;21;1;2;122;2;3;12;10;75,9164457232155;2;1;3
308;1;20;3;3;126;2;3;17;10;94,6078320176281;4;2;5
309;0;22;4;3;106;2;3;17;8;48,9823613711359;0;1;1
310;0;23;4;3;91;2;3;16;7;50,6583806261376;0;1;1
311;1;21;4;3;118;2;3;18;8;63,912647220258;1;2;2
312;0;22;2;3;97;2;3;16;10;97,2559903106324;4;1;5
313;1;22;3;3;108;2;3;13;10;93,7533883888717;4;2;5
314;1;21;3;2;110;2;3;16;9;96,7193981664214;4;2;5
315;1;22;2;3;106;2;3;18;9;48,4079484896238;0;2;1
316;0;21;1;3;113;2;3;12;10;75,1259434542061;2;1;3
317;1;21;1;3;122;2;3;17;9;64,6481009965134;1;2;2
318;1;21;1;3;113;2;3;12;8;76,6614312510717;2;2;3
319;1;21;1;3;110;2;3;13;8;83,7259160540378;3;2;4
320;0;20;1;2;128;2;3;19;9;75,4976224343134;2;1;3
321;0;23;1;3;91;2;3;8;10;94,2215564749868;4;1;5
322;0;21;1;3;120;2;3;16;9;85,3478695657738;3;1;4
323;1;22;1;1;109;2;3;16;7;71,681833298644;2;2;3
324;0;20;1;2;124;2;3;10;11;93,4023523873741;4;1;5
325;0;22;1;4;98;2;3;13;10;96,2741149777168;4;1;5
326;1;21;3;2;118;2;3;12;6;44,8633757302864;0;2;1
327;1;22;3;4;98;2;3;12;8;63,029997293608;1;2;2
328;1;21;3;1;121;2;3;12;9;85,4519058357469;3;2;4
329;0;20;3;3;130;2;3;12;10;75,1795316358751;2;1;3
330;0;21;3;4;112;2;3;12;10;96,7068954150847;4;1;5
331;1;21;3;3;123;2;3;16;9;76,7658829281217;2;2;3
332;0;20;3;1;126;2;3;12;7;74,0390013819798;2;1;3
333;0;21;2;2;111;2;3;6;9;73,292895378417;2;1;3
334;0;21;2;1;117;2;3;12;10;72,8950466399011;2;1;3
335;1;21;2;3;110;2;3;13;11;74,282412215454;2;2;3
336;1;22;2;4;100;2;3;14;8;96,1253662576115;4;2;5
337;0;22;2;4;106;2;3;8;6;47,0684861914929;0;1;1
338;1;21;2;2;112;2;3;16;11;84,6251788155309;3;2;4
339;0;20;2;4;126;2;3;17;6;47,2716175714759;0;1;1
340;1;22;3;1;100;2;3;16;10;95,8326326354314;4;2;5
341;0;21;3;4;114;2;3;4;8;73,9548213358486;2;1;3
342;1;23;2;4;91;2;3;12;10;94,6989920554567;4;2;5
343;0;21;2;1;123;2;3;20;9;65,1943733471725;1;1;2
344;0;21;4;3;112;2;3;16;9;62,3084544782542;1;1;2
345;1;20;4;2;127;2;3;12;8;86,5324262179904;3;2;4
346;0;22;4;3;100;2;3;17;7;54,8577801929151;0;1;1
347;0;21;4;2;116;2;3;13;6;49,2661605610045;0;1;1
348;0;22;4;2;100;2;3;12;10;66,2409997840205;1;1;2
349;1;19;4;4;135;2;3;13;11;93,5619974275255;4;2;5
350;1;20;4;2;133;2;3;12;6;49,6169144871254;0;2;1
351;0;24;4;4;74;2;3;12;9;75,0192080717734;2;1;3
352;0;21;4;3;111;2;3;14;11;95,2965315856112;4;1;5
353;0;20;1;4;124;2;3;16;8;65,4019278105796;1;1;2
354;0;21;1;1;114;2;3;9;8;77,3613688318745;2;1;3
355;1;21;3;2;120;2;3;16;7;75,4217240294061;2;2;3
356;1;23;3;4;86;2;3;8;10;85,8856902529925;3;2;4
357;1;20;3;3;128;2;3;14;9;85,367714582085;3;2;4
358;0;22;3;2;98;2;3;12;10;93,2931066246009;4;1;5
359;1;19;3;4;136;2;3;10;7;46,8173961464928;0;2;1
360;1;21;3;2;111;2;3;12;8;63,5780080719001;1;2;2
361;0;23;2;4;90;2;3;10;12;96,4905031316713;4;1;5
362;0;23;2;3;90;2;3;8;11;83,0370482231322;3;1;4
363;0;23;2;4;78;2;3;2;10;95,6397965704923;4;1;5
364;0;21;2;2;122;2;3;12;11;94,1019901452383;4;1;5
365;0;22;2;2;95;2;3;8;8;88,6696133793495;3;1;4
366;1;22;2;3;109;2;3;9;11;85,0662307666762;3;2;4
367;0;23;2;3;81;2;3;16;11;97,15965306558;4;1;5
368;1;21;2;3;115;2;3;16;11;94,8007501119343;4;2;5
369;0;21;2;4;116;2;3;7;9;74,8338826870285;2;1;3
370;0;21;2;3;121;2;3;12;9;85,8118739885052;3;1;4
371;0;22;4;4;106;2;3;10;8;75,5784365094333;2;1;3
372;0;21;4;1;115;2;3;16;6;52,1934935150007;0;1;1
373;1;21;4;1;111;2;3;13;10;94,105754335447;4;2;5
374;0;20;2;4;127;2;3;8;8;85,1677986539495;3;1;4
375;0;20;4;3;125;2;3;16;7;49,9947941455946;0;1;1
376;1;22;3;3;103;2;3;16;7;52,3060282057278;0;2;1
377;0;22;2;2;99;2;3;10;9;85,7577833180023;3;1;4
378;1;20;4;2;124;2;3;14;8;72,881870949096;2;2;3
379;1;20;3;2;127;2;3;12;8;76,2827462476906;2;2;3
380;1;22;3;4;95;2;3;12;8;64,2568249606042;1;2;2
381;1;22;1;1;106;2;3;12;9;75,5311752386524;2;2;3
382;1;20;2;4;125;2;3;12;6;75,2920794356081;2;2;3
383;1;21;3;2;123;2;3;12;7;75,254146662653;2;2;3
384;1;23;3;2;92;2;3;14;8;74,7185454603377;2;2;3
385;1;20;3;1;124;2;3;12;11;88,6258708861034;3;2;4
386;1;21;3;3;122;2;3;19;11;93,8204290776709;4;2;5
387;1;22;3;3;95;2;3;12;10;94,7556355224581;4;2;5
388;1;21;3;3;122;2;3;14;8;74,3960932949163;2;2;3
389;0;21;4;3;118;2;3;19;11;86,5632525854831;3;1;4
390;0;20;3;3;125;2;3;19;8;75,8197673886453;2;1;3
391;1;20;3;3;128;2;3;14;8;76,9549594518008;2;2;3
392;1;20;1;3;127;2;3;17;10;64,9612057777085;1;2;2
393;1;21;3;3;120;2;3;16;9;74,0196687202124;2;2;3
394;0;23;4;3;93;2;3;20;10;93,9070059560543;4;1;5
395;0;22;2;2;107;2;3;10;11;75,2416561481206;2;1;3
396;0;20;4;4;132;2;3;14;8;83,9351392546189;3;1;4
397;1;20;2;4;126;2;3;11;9;85,2600364607508;3;2;4
398;0;22;2;3;107;2;3;19;8;49,3335304961057;0;1;1
399;0;21;2;3;118;2;3;12;9;76,51225824751;2;1;3
400;1;20;2;3;129;2;3;16;10;65,1161136011177;1;2;2
401;1;21;3;1;112;2;3;8;7;75,6126829116759;2;2;3
402;1;21;3;1;110;2;3;15;8;94,6501587808688;4;2;5
403;1;21;3;3;117;2;3;12;9;84,4979155646931;3;2;4
404;1;21;3;3;113;2;3;16;8;51,2376762361193;0;2;1
405;0;21;2;1;121;2;3;12;8;76,2917107126827;2;1;3
406;0;22;2;3;105;2;3;16;10;97,2252991578664;4;1;5
407;1;22;2;3;96;2;3;16;8;94,8262187630029;4;2;5
408;0;20;2;4;134;2;3;9;8;74,5229868803696;2;1;3
409;0;20;1;1;125;2;3;12;9;84,0288086572755;3;1;4
410;0;20;2;1;127;2;3;17;7;84,0952426041242;3;1;4
411;1;21;2;3;113;2;3;16;9;75,1692265352263;2;2;3
412;0;23;3;4;89;2;3;10;8;50,3255633903779;0;1;1
413;0;20;1;1;132;2;3;12;7;85,2683528546737;3;1;4
414;0;21;3;3;116;2;3;12;8;84,5991273741464;3;1;4
415;1;23;2;4;83;2;3;10;8;96,838801426086;4;2;5
416;0;21;3;1;117;2;3;14;8;75,1541448535734;2;1;3
417;0;23;2;4;91;2;3;7;9;95,2388811345298;4;1;5
418;1;21;2;3;117;2;3;14;10;74,6803831985386;2;2;3
419;0;23;3;4;85;2;3;11;9;96,348355388743;4;1;5
420;1;23;2;2;89;2;3;13;8;95,9391351932065;4;2;5
421;1;21;3;3;114;2;3;15;10;74,2946940008343;2;2;3
422;1;22;3;4;104;2;3;9;10;65,181363480968;1;2;2
423;1;21;3;3;115;2;3;11;9;49,1635545030453;0;2;1
424;0;22;3;3;98;2;3;12;11;95,7437781073372;4;1;5
425;1;21;4;3;110;2;3;18;12;95,0480968019887;4;2;5
426;0;23;3;3;91;2;3;13;10;96,6377538115729;4;1;5
427;1;21;3;3;111;2;3;14;10;77,9474641856995;2;2;3
428;0;22;2;2;104;2;3;12;9;75,0285967658731;2;1;3
429;0;22;3;3;106;2;3;20;8;86,5922402629448;3;1;4
430;0;21;1;3;110;2;3;14;11;83,6398957713615;3;1;4
431;1;19;3;4;135;2;3;15;8;76,6545779619744;2;2;3
432;0;21;3;1;113;2;3;13;8;93,7021410020229;4;1;5
433;1;20;3;1;125;2;3;14;11;95,037103550647;4;2;5
434;1;21;1;1;121;2;3;15;5;49,758603720295;0;2;1
435;1;20;2;2;126;2;3;17;10;86,4957419309077;3;2;4
436;0;21;2;2;116;2;3;12;8;84,9691843525076;3;1;4
437;0;22;2;4;101;2;3;7;9;74,1082832380699;2;1;3
438;1;22;3;2;108;2;3;13;8;95,2161344080393;4;2;5
439;1;20;2;2;124;2;3;12;6;63,8634862674395;1;2;2
440;0;22;2;1;102;2;3;12;10;94,6598573025671;4;1;5
441;1;23;2;4;94;2;3;12;8;75,499433068683;2;2;3
442;0;22;3;3;105;2;3;18;11;76,9546527179947;2;1;3
443;1;19;3;4;140;2;3;10;8;51,235995024298;0;2;1
444;1;20;3;3;125;2;3;15;7;65,1030066288908;1;2;2
445;0;20;2;1;128;2;3;17;10;95,02247597421;4;1;5
446;0;22;2;3;102;2;2;18;8;46,7858635351112;0;1;1
447;1;19;4;2;137;3;2;11;9;93,7547567992639;4;2;5
448;1;21;1;4;122;3;2;12;8;74,6955570411475;2;2;3
449;1;21;1;4;112;3;2;13;9;74,6781516389398;2;2;3
450;1;19;1;4;136;3;2;14;10;70,969120467612;2;2;3
451;0;19;2;2;138;3;2;14;8;63,6414066728585;1;1;2
452;1;19;3;4;137;3;2;12;11;98,8833687702929;4;2;5
453;1;20;2;3;133;3;2;10;7;75,5996552539574;2;2;3
454;0;20;2;4;126;3;2;12;9;76,1457626264276;2;1;3
455;0;19;3;4;144;3;2;11;9;72,8669665362267;2;1;3
456;1;21;1;3;120;4;2;16;9;73,9261180341343;2;2;3
457;0;20;1;2;128;4;2;12;8;75,8278256564966;2;1;3
458;1;21;1;2;122;4;2;17;7;61,8415900641173;1;2;2
459;1;20;2;3;128;4;2;12;8;85,1433449275158;3;2;4
460;1;20;4;3;131;4;2;14;6;81,3589102406966;3;2;4
461;1;20;2;4;124;4;2;12;6;49,1384713748967;0;2;1
462;1;19;1;4;137;4;2;11;8;75,5283729309099;2;2;3
463;1;20;3;4;134;4;2;12;9;74,137517066973;2;2;3
464;0;22;2;4;103;4;2;11;8;74,6333464126927;2;1;3
465;1;19;3;4;142;4;2;12;9;72,7183970595441;2;2;3
466;1;23;2;3;88;4;2;14;11;74,4289261322743;2;2;3
467;0;21;3;4;114;4;2;7;9;67,9245455563555;1;1;2
468;0;19;3;3;135;4;2;17;10;74,2836781119232;2;1;3
469;1;20;2;4;126;4;2;12;10;85,3823500777915;3;2;4
470;1;22;1;4;102;4;2;5;10;87,382773480548;3;2;4
471;0;20;1;3;132;1;2;18;10;85,7767854635403;3;1;4
472;1;21;4;3;118;1;2;16;8;65,775392876384;1;2;2
473;1;22;4;4;100;1;2;12;9;84,7405231184137;3;2;4
474;1;21;3;1;118;1;2;13;8;75,801524447611;2;2;3
475;1;21;3;2;114;1;2;15;9;85,5693036454241;3;2;4
476;1;20;2;4;133;1;2;12;8;74,4987175386818;2;2;3
477;1;21;2;1;118;1;2;12;9;74,8936196233189;2;2;3
478;1;21;3;4;112;1;2;13;7;65,4681148099831;1;2;2
479;1;21;1;1;116;1;2;14;9;74,587817944322;2;2;3
480;1;20;1;4;126;1;2;12;8;74,5181216475564;2;2;3
481;1;21;3;2;122;1;2;12;7;49,9172654346008;0;2;1
482;1;21;3;1;117;1;2;12;8;75,5410202367697;2;2;3
483;0;20;3;1;127;1;2;12;8;73,1601104155098;2;1;3
484;0;21;3;2;120;1;2;12;7;76,5694215244644;2;1;3
485;1;21;3;4;117;1;2;12;6;49,736024115462;0;2;1
486;0;21;3;3;120;1;2;10;9;78,763399839724;2;1;3
487;0;20;2;4;125;1;2;11;10;73,5302298772622;2;1;3
488;1;21;2;2;122;1;2;11;10;72,5796374959735;2;2;3
489;1;22;2;4;105;1;2;12;9;93,041194750988;4;2;5
490;1;21;2;1;118;1;2;17;11;95,795267835697;4;2;5
491;1;20;4;4;125;1;2;12;8;63,4308855854065;1;2;2
492;1;21;4;4;113;1;2;12;9;96,471015179235;4;2;5
493;0;20;4;4;133;1;2;11;8;66,9376838811337;1;1;2
494;1;22;4;3;107;1;2;18;10;83,8735790471462;3;2;4
495;0;20;4;4;128;1;2;12;10;95,9653611194825;4;1;5
496;0;21;4;2;120;1;2;13;8;64,2081039727382;1;1;2
497;0;20;3;4;130;1;2;11;7;76,9582116029698;2;1;3
498;1;21;3;4;123;1;2;12;9;66,1899199284191;1;2;2
499;0;20;3;4;129;1;2;10;8;73,7810606373494;2;1;3
500;0;19;3;4;136;1;2;13;6;77,9251907460549;2;1;3
501;1;21;3;4;116;1;2;11;8;75,9226836935157;2;2;3
502;0;22;2;4;105;1;2;7;8;83,9991999019834;3;1;4
503;1;21;2;3;118;1;2;14;10;76,073563102538;2;2;3
504;0;21;2;4;122;1;2;12;10;93,4422364446196;4;1;5
505;1;20;2;4;126;1;2;13;8;73,1581036320334;2;2;3
506;1;23;2;4;88;1;2;13;9;76,7341122986768;2;2;3
507;1;21;4;4;117;1;2;11;7;53,6421990308248;0;2;1
508;1;22;4;4;109;1;2;14;10;93,208561337409;4;2;5
509;1;20;2;4;133;1;2;10;6;47,8456211601898;0;2;1
510;1;21;2;2;110;1;2;17;7;52,8121292354709;0;2;1
511;1;22;1;1;106;1;2;14;7;63,7176120894623;1;2;2
512;1;21;2;1;117;1;2;14;7;64,2008653305277;1;2;2
513;0;20;4;3;125;1;2;18;9;86,3215293030604;3;1;4
514;1;21;3;2;120;1;2;12;9;65,7346880358054;1;2;2
515;0;22;3;4;105;1;2;16;7;64,7618179711989;1;1;2
516;1;22;2;1;106;1;2;16;8;77,0813752930058;2;2;3
517;1;21;2;4;120;1;2;13;10;95,1820393194782;4;2;5
518;1;23;3;4;93;1;2;13;10;83,6566116536608;3;2;4
519;1;20;3;4;125;1;2;12;8;75,3636323026612;2;2;3
520;1;21;2;4;118;1;2;10;9;65,1105471863581;1;2;2
521;0;21;2;2;118;1;2;13;8;73,408709568544;2;1;3
522;1;21;2;3;116;1;2;16;7;77,3189910971637;2;2;3
523;1;20;4;4;130;1;2;13;10;85,181176231711;3;2;4
524;0;22;3;4;105;1;2;13;11;93,794925963186;4;1;5
525;0;22;2;2;104;1;2;12;8;73,824619416198;2;1;3
526;1;19;2;4;135;1;2;10;9;83,9303948663753;3;2;4
527;0;21;1;3;123;1;2;15;5;49,3073352601574;0;1;1
528;1;21;2;3;115;1;2;14;7;74,4843222049405;2;2;3
529;0;22;2;4;108;1;2;12;10;75,3177281405896;2;1;3
530;1;20;2;4;131;1;2;17;10;75,5434968879771;2;2;3
531;0;20;2;4;124;1;2;11;9;95,4406089598134;4;1;5
532;0;20;2;4;127;1;2;9;8;65,7208452487059;1;1;2
533;1;21;2;2;117;1;2;12;9;75,377569571425;2;2;3
534;1;21;4;4;117;1;2;13;11;93,2489130564612;4;2;5
535;1;19;3;4;136;1;2;9;10;72,890241476352;2;2;3
536;1;20;2;4;132;1;2;13;9;73,2054798820791;2;2;3
537;0;22;3;4;97;1;2;8;6;75,4598241050656;2;1;3
538;1;19;2;4;135;1;2;12;10;73,2655200971867;2;2;3
539;1;20;2;4;130;1;2;12;7;50,4832807495088;0;2;1
540;0;22;2;4;96;1;2;8;9;67,2615424632843;1;1;2
541;1;21;2;2;116;1;2;12;9;73,6348918025255;2;2;3
542;0;23;1;1;83;4;2;18;5;48,9937602179485;0;1;1
543;1;23;4;4;92;4;2;7;10;65,0932567416498;1;2;2
544;1;22;1;4;104;4;2;12;8;63,7221771101456;1;2;2
545;1;23;3;4;82;4;2;6;10;85,1064205394295;3;2;4
546;1;23;3;3;87;4;2;14;8;66,8483412872948;1;2;2
547;1;23;2;4;87;4;2;12;11;95,003567953744;4;2;5
548;0;22;2;3;97;4;2;20;9;52,389945852672;0;1;1
549;1;23;2;4;78;4;2;11;6;49,5993784385877;0;2;1
550;1;21;1;3;113;4;2;16;8;74,0307606772253;2;2;3
551;1;23;2;2;88;4;2;16;8;74,4517625478147;2;2;3
552;1;23;2;4;94;4;2;12;9;75,612646293945;2;2;3
553;1;22;2;4;97;4;2;12;9;94,8165631330537;4;2;5
554;1;23;2;4;90;4;2;7;8;64,8481030662836;1;2;2
555;0;24;2;2;75;4;2;12;9;93,3949710375119;4;1;5
556;1;23;2;4;79;4;2;16;11;84,5237733672347;3;2;4
557;1;23;4;2;82;4;2;13;10;64,2121113438819;1;2;2
558;1;23;4;4;86;4;2;16;9;94,8729222661942;4;2;5
559;0;23;3;4;81;4;2;12;9;64,8418977181161;1;1;2
560;0;24;3;3;76;4;2;13;10;86,1821224749856;3;1;4
561;1;23;3;4;82;4;2;13;9;74,3654996972613;2;2;3
562;0;22;2;4;105;4;2;14;8;84,8878116563776;3;1;4
563;1;23;2;3;79;4;2;10;11;94,8859699978695;4;2;5
564;1;23;4;2;87;4;2;13;10;76,9277263633835;2;2;3
565;1;23;4;4;85;4;2;7;6;49,6965510288007;0;2;1
566;1;23;4;3;91;4;2;12;8;64,91610177415;1;2;2
567;1;23;4;3;85;4;2;12;11;85,9389294514973;3;2;4
568;1;23;2;1;86;4;2;12;9;75,0363843446813;2;2;3
569;1;23;2;2;92;4;2;14;6;65,2221593392459;1;2;2
570;1;22;1;2;104;4;2;12;9;95,333744684674;4;2;5
571;1;23;2;3;80;4;2;12;9;74,52274038876;2;2;3
572;1;23;2;4;94;4;2;11;11;95,8867117265542;4;2;5
573;1;23;2;4;85;4;2;12;12;95,8974005106825;4;2;5
574;1;23;4;4;88;4;2;11;8;95,2246159744782;4;2;5
575;1;23;2;2;81;4;2;16;8;75,3461523264203;2;2;3
576;1;23;3;1;92;4;2;17;8;66,4254777182194;1;2;2
577;1;23;2;3;77;4;2;12;12;95,2605272419156;4;2;5
578;0;23;1;4;80;2;2;11;7;47,7393377501692;0;1;1
579;1;22;1;1;108;2;2;12;8;52,5503869422754;0;2;1
580;0;23;1;4;88;2;2;12;8;75,0966752145695;2;1;3
581;0;20;1;3;129;2;2;16;9;76,7816303102774;2;1;3
582;1;20;1;3;127;2;2;14;7;65,373560763641;1;2;2
583;0;20;4;2;129;2;2;12;9;76,1608163424716;2;1;3
584;0;23;3;1;85;2;2;15;10;94,6438133991452;4;1;5
585;1;21;3;3;115;2;2;16;8;46,836053020321;0;2;1
586;1;20;3;3;124;2;2;15;8;76,4004552732686;2;2;3
587;0;21;3;3;118;2;2;14;9;85,7555156367235;3;1;4
588;1;20;3;3;126;2;2;16;7;46,6259453719129;0;2;1
589;0;20;3;2;132;2;2;16;8;86,2238923084055;3;1;4
590;1;20;3;1;133;2;2;14;8;73,9489577646436;2;2;3
591;0;21;1;2;122;2;2;12;8;74,2689870707432;2;1;3
592;0;21;1;3;119;2;2;12;8;85,0651630058464;3;1;4
593;0;21;3;3;118;2;2;18;7;65,8985331199017;1;1;2
594;0;21;1;3;118;2;2;15;9;76,14645311989;2;1;3
595;1;21;3;1;111;2;2;14;7;75,166086757128;2;2;3
596;1;20;3;3;127;2;2;12;10;75,4263270157643;2;2;3
597;0;21;4;3;112;2;2;19;8;49,0478312581095;0;1;1
598;0;20;4;3;131;2;2;18;9;85,8209779323784;3;1;4
599;1;20;2;2;126;2;2;12;7;74,04631846452;2;2;3
600;0;21;2;1;120;2;2;6;11;85,9396501329768;3;1;4
601;1;21;2;3;117;2;2;16;10;76,7187637008028;2;2;3
602;0;21;2;3;123;2;2;18;9;77,3279730340409;2;1;3
603;1;21;2;3;123;2;2;14;9;94,6268288265343;4;2;5
604;0;22;2;3;104;2;2;20;8;83,955085584466;3;1;4
605;1;21;1;3;114;2;2;20;7;51,144892607731;0;2;1
606;0;22;1;3;108;2;2;20;12;94,4521949709705;4;1;5
607;0;22;1;2;98;2;2;15;10;75,3852046695466;2;1;3
608;1;21;1;1;120;2;2;15;7;77,0832816782568;2;2;3
609;1;21;1;2;118;2;2;12;7;76,3845546324386;2;2;3
610;0;23;1;2;92;2;2;12;8;74,2039768362425;2;1;3
611;0;20;1;4;126;2;2;19;9;95,3647157735444;4;1;5
612;1;21;2;1;121;2;2;12;10;95,068107799452;4;2;5
613;0;23;2;2;94;2;2;16;9;64,7815912213647;1;1;2
614;1;22;3;3;104;2;2;13;9;64,2579160959277;1;2;2
615;0;21;2;3;110;2;2;18;8;84,5268478783729;3;1;4
616;1;22;2;1;109;2;2;12;9;81,7379457611086;3;2;4
617;0;22;2;3;105;2;2;17;8;85,0124840115077;3;1;4
618;1;21;1;3;112;2;2;14;9;64,0977020996395;1;2;2
619;1;22;1;3;103;2;2;12;7;65,968031701284;1;2;2
620;1;21;1;3;122;2;2;12;10;97,9488800406642;4;2;5
621;1;21;1;3;116;2;2;12;9;74,2193274521558;2;2;3
622;1;21;1;1;118;2;2;14;5;49,1607660910545;0;2;1
623;0;21;1;3;119;2;2;16;8;75,6814755592615;2;1;3
624;1;21;1;3;120;2;2;15;7;65,0134680282362;1;2;2
625;0;20;1;3;124;2;2;15;9;86,3247140640395;3;1;4
626;1;23;1;1;86;2;2;15;9;49,7947443991639;0;2;1
627;1;21;1;3;116;2;2;18;8;83,8689109237887;3;2;4
628;1;23;1;4;87;2;2;10;9;76,7293436257107;2;2;3
629;1;21;1;4;114;2;2;8;6;50,6000769892317;0;2;1
630;0;21;3;2;120;2;2;13;12;95,561552031192;4;1;5
631;0;21;3;3;122;2;2;15;7;49,3762673848206;0;1;1
632;1;21;3;2;117;2;2;12;8;76,194820907847;2;2;3
633;0;21;3;1;118;2;2;12;10;95,939600865115;4;1;5
634;1;20;3;2;127;2;2;14;9;63,8217460417314;1;2;2
635;1;20;3;1;124;2;2;16;8;74,6072091320569;2;2;3
636;0;21;3;1;111;2;2;17;10;83,4957409157398;3;1;4
637;0;21;3;1;119;2;2;14;9;95,6348206494562;4;1;5
638;1;21;3;3;115;2;2;12;8;74,4360152659565;2;2;3
639;0;19;3;4;137;2;2;12;10;71,2322733756175;2;1;3
640;1;20;3;3;134;2;2;16;10;95,8995226124589;4;2;5
641;0;20;3;1;128;2;2;12;9;84,7972115678927;3;1;4
642;0;21;3;1;121;2;2;15;8;66,476241055687;1;1;2
643;1;21;3;4;120;2;2;12;7;75,3382273998649;2;2;3
644;1;20;3;1;130;2;2;16;9;83,1152136391715;3;2;4
645;0;21;3;3;121;2;2;12;9;85,5229258233726;3;1;4
646;0;20;3;2;129;2;2;17;9;94,803361526309;4;1;5
647;0;21;3;3;120;2;2;11;6;48,4830099037086;0;1;1
648;0;21;3;2;122;2;2;13;8;52,3019339550338;0;1;1
649;0;21;3;2;123;2;2;12;8;64,7036818601422;1;1;2
650;1;21;3;1;123;2;2;12;10;74,8764381262651;2;2;3
651;0;21;3;1;117;2;2;12;10;88,133079668289;3;1;4
652;0;20;3;1;131;2;2;12;7;51,8552540432965;0;1;1
653;1;20;2;4;128;2;2;12;8;75,0364397977624;2;2;3
654;0;20;2;2;128;2;2;11;9;94,8166402685873;4;1;5
655;1;20;2;2;125;2;2;14;7;48,4937045793517;0;2;1
656;1;20;2;3;127;2;2;18;10;83,6272932182548;3;2;4
657;0;21;2;1;120;2;2;13;7;51,6467520642943;0;1;1
658;0;20;2;3;127;2;2;16;8;65,0500483933533;1;1;2
659;0;20;2;3;128;2;2;13;10;74,7929470900296;2;1;3
660;1;22;2;3;96;2;2;12;9;76,3412251251209;2;2;3
661;0;21;2;3;111;2;2;12;8;75,6998034398102;2;1;3
662;1;21;2;2;113;2;2;14;10;96,7039118002682;4;2;5
663;0;22;2;2;105;2;2;12;10;94,180949743924;4;1;5
664;1;21;2;1;118;2;2;13;9;74,0138807362161;2;2;3
665;1;19;2;2;138;2;2;12;9;75,0449812893832;2;2;3
666;0;21;2;1;112;2;2;12;10;86,8343112835694;3;1;4
667;1;21;2;1;116;2;2;14;7;72,3783211246815;2;2;3
668;1;22;2;2;104;2;2;12;8;74,3165233928288;2;2;3
669;0;23;2;2;87;2;2;7;7;50,4085572005668;0;1;1
670;1;21;2;1;123;2;2;12;8;85,0867993180076;3;2;4
671;1;20;2;4;131;2;2;12;10;72,9308006484713;2;2;3
672;0;21;2;1;116;2;2;16;11;98,4561134076867;4;1;5
673;1;22;2;4;99;2;2;12;9;74,9052230911428;2;2;3
674;1;19;2;4;142;2;2;9;9;63,641699230581;1;2;2
675;1;22;4;1;109;2;2;16;9;75,524008241335;2;2;3
676;1;21;4;2;120;2;2;18;8;51,4268108297665;0;2;1
677;0;21;4;1;113;2;2;12;10;94,7262811911724;4;1;5
678;1;20;4;3;132;2;2;14;10;84,160878392652;3;2;4
679;0;22;4;1;97;2;2;10;10;83,852103947259;3;1;4
680;1;20;4;4;124;2;2;11;8;75,8210553311029;2;2;3
681;1;20;4;1;124;2;2;19;6;49,3734547184057;0;2;1
682;0;21;4;3;114;2;2;17;10;94,8353622376403;4;1;5
683;1;23;4;2;90;2;2;19;11;95,1119316247395;4;2;5
684;1;21;4;1;111;2;2;18;8;84,9986997437642;3;2;4
685;1;20;4;1;125;2;2;13;9;65,3214348009354;1;2;2
686;0;23;4;4;87;2;2;8;9;75,1548142346283;2;1;3
687;0;21;1;1;123;2;2;15;11;93,253871518127;4;1;5
688;1;21;1;3;121;2;2;12;8;83,9093610782354;3;2;4
689;1;20;3;1;128;2;2;12;9;77,3360456478095;2;2;3
690;0;20;3;2;128;2;2;12;7;65,0538323717251;1;1;2
691;1;21;3;2;112;2;2;15;7;88,0109868574574;3;2;4
692;1;21;3;1;119;2;2;12;9;74,3012363967366;2;2;3
693;1;20;3;2;126;2;2;12;9;77,3173156836536;2;2;3
694;0;22;3;4;99;2;2;11;8;75,4286130815417;2;1;3
695;0;21;3;1;116;2;2;12;9;75,1634230076837;2;1;3
696;0;21;3;1;120;2;2;14;9;86,3816024792448;3;1;4
697;0;21;3;2;118;2;2;12;10;75,2626500231583;2;1;3
698;1;21;3;1;121;2;2;14;7;76,7822983668398;2;2;3
699;0;21;3;1;118;2;2;12;9;82,9354564237203;3;1;4
700;1;21;3;3;117;2;2;12;8;72,8464787017716;2;2;3
701;1;20;3;2;134;2;2;16;9;75,8334680587021;2;2;3
702;1;20;3;1;124;2;2;12;8;74,1484815526558;2;2;3
703;1;21;3;4;111;2;2;12;10;94,8509933811057;4;2;5
704;1;21;3;3;112;2;2;12;8;74,4225274083346;2;2;3
705;1;20;3;2;126;2;2;12;12;84,5017074563411;3;2;4
706;0;23;2;4;90;2;2;6;10;83,264012671004;3;1;4
707;0;23;2;4;91;2;2;2;9;75,5553118830194;2;1;3
708;0;21;2;2;122;2;2;12;8;74,2628767378812;2;1;3
709;1;20;2;4;129;2;2;16;7;74,3028042506476;2;2;3
710;0;23;2;4;82;2;2;4;9;93,1417442785084;4;1;5
711;0;19;2;4;137;2;2;12;11;94,1343422327787;4;1;5
712;1;21;2;3;113;2;2;12;9;62,571247004775;1;2;2
713;1;21;2;3;120;2;2;18;9;67,3468435918978;1;2;2
714;1;21;2;3;115;2;2;12;9;96,15560421323;4;2;5
715;1;20;2;3;128;2;2;17;9;76,0154087314924;2;2;3
716;1;21;4;2;123;2;2;15;7;52,1018988510171;0;2;1
717;1;21;4;2;115;2;2;13;7;48,6241005015776;0;2;1
718;1;21;4;4;117;2;2;16;8;85,2963242565249;3;2;4
719;0;21;4;1;120;2;2;16;8;84,1919656207905;3;1;4
720;1;20;4;3;124;2;2;14;8;74,5572259132464;2;2;3
721;0;23;4;3;81;2;2;19;8;95,349129383638;4;1;5
722;0;21;4;4;119;2;2;19;8;74,7747110959258;2;1;3
723;1;20;4;2;127;2;2;14;10;95,51526333243;4;2;5
724;0;22;4;3;108;2;2;17;7;94,9723504076318;4;1;5
725;0;21;4;4;123;2;2;15;11;95,0650374082336;4;1;5
726;0;21;3;3;120;2;2;18;8;75,1127122664954;2;1;3
727;1;21;3;3;117;2;2;12;7;64,5274804234843;1;2;2
728;0;21;3;3;123;2;2;18;10;93,6575513335036;4;1;5
729;0;23;2;3;89;2;2;12;10;75,615806987047;2;1;3
730;1;22;2;3;100;2;2;14;8;74,1463436715699;2;2;3
731;0;21;3;1;123;2;2;13;10;86,5900174605665;3;1;4
732;1;21;4;3;120;2;2;16;6;50,930595015111;0;2;1
733;1;21;2;1;110;2;2;14;8;96,8652118435646;4;2;5
734;1;22;2;2;108;2;2;16;9;75,1917567308843;2;2;3
735;0;20;1;3;131;2;2;14;9;84,1952669255907;3;1;4
736;1;21;2;3;118;2;2;14;8;65,7949109807379;1;2;2
737;1;22;3;1;109;2;2;15;9;85,7998869828121;3;2;4
738;1;22;3;3;108;2;2;12;9;75,1667872783488;2;2;3
739;0;20;2;1;127;2;2;16;8;94,5431771448338;4;1;5
740;1;19;3;4;138;2;2;12;8;47,024801852714;0;2;1
741;1;21;1;1;116;2;2;12;8;72,8459007161617;2;2;3
742;0;21;3;3;114;2;2;13;8;76,1631821865265;2;1;3
743;0;21;3;1;117;2;2;14;9;86,3344276775583;3;1;4
744;0;20;1;3;124;2;2;13;7;64,9021265830592;1;1;2
745;1;22;3;4;96;2;2;7;7;52,240669576519;0;2;1
746;1;19;1;4;137;2;2;15;9;75,5428486630607;2;2;3
747;1;19;3;3;135;2;2;11;10;74,3305361982985;2;2;3
748;0;20;3;3;127;2;2;16;10;93,0563876656434;4;1;5
749;0;21;2;1;110;2;2;18;7;51,7800055272524;0;1;1
750;0;20;3;2;131;2;2;15;7;72,7042652534855;2;1;3
751;0;20;2;3;128;2;2;19;11;82,1153743526251;3;1;4
752;1;19;4;2;140;2;2;12;7;66,0763978156427;1;2;2
753;1;21;2;3;121;2;2;18;7;49,0942499500544;0;2;1
754;0;23;3;1;92;2;2;20;7;95,7029410508563;4;1;5
755;1;20;2;3;126;2;2;13;12;94,9610275642174;4;2;5
756;1;21;1;3;112;2;2;16;11;96,1777955810213;4;2;5
757;1;21;2;3;123;2;2;18;8;85,2524911489278;3;2;4
758;0;21;2;3;116;2;2;20;9;53,2095362985435;0;1;1
759;1;20;2;3;128;2;2;15;8;74,8005862575985;2;2;3
760;0;22;1;3;105;2;2;14;10;93,3127057624135;4;1;5
761;1;23;4;4;88;2;2;12;9;95,2681047632625;4;2;5
762;1;20;1;1;125;2;2;13;9;75,9811069059811;2;2;3
763;0;21;3;1;121;2;2;14;10;85,0678384805523;3;1;4
764;0;20;2;2;125;2;2;16;6;63,7182299916178;1;1;2
765;0;23;3;3;89;2;2;14;10;96,6875514492847;4;1;5
766;1;19;2;4;137;2;2;9;8;54,3550570055335;0;2;1
767;1;19;3;3;137;2;2;12;8;75,1889257159969;2;2;3
768;1;21;3;1;118;2;2;16;8;49,5840361731613;0;2;1
769;1;20;3;3;126;2;2;14;8;74,1455862109852;2;2;3
770;1;20;2;3;125;2;2;13;8;65,9447689354748;1;2;2
771;0;22;1;1;95;2;2;12;9;73,8963810295287;2;1;3
772;0;20;2;1;128;2;2;16;7;51,6879502479593;0;1;1
773;0;21;3;1;119;2;2;9;8;75,2803605851754;2;1;3
774;0;20;3;4;128;2;2;13;8;64,816577482696;1;1;2
775;1;20;3;1;127;2;2;14;9;74,9667647382851;2;2;3
776;1;20;2;3;124;2;2;12;9;94,4085620548157;4;2;5
777;1;21;2;1;112;2;2;14;10;76,0202315298653;2;2;3
778;0;22;3;2;105;2;2;12;10;65,220813513305;1;1;2
779;0;20;2;4;131;2;2;12;8;71,734851559848;2;1;3
780;0;20;1;3;130;2;2;12;9;74,6877671484908;2;1;3
781;1;20;3;1;131;2;2;12;9;72,9149293712246;2;2;3
782;1;19;3;1;138;2;2;13;7;65,0610797603062;1;2;2
783;1;21;2;1;123;2;2;17;10;95,4357752550462;4;2;5
784;1;20;3;3;132;2;2;12;7;74,098858594245;2;2;3
785;1;19;2;1;137;2;2;13;8;64,2936340330708;1;2;2
786;1;21;3;2;115;2;2;12;11;73,7271908654796;2;2;3
787;1;20;3;3;129;2;2;18;9;72,3821348642624;2;2;3
788;1;23;3;3;84;2;2;12;10;95,8787254133469;4;2;5
789;1;21;2;3;110;2;2;11;10;73,6890024263709;2;2;3
790;0;20;2;2;126;2;2;12;10;85,0670430030174;3;1;4
791;1;22;1;3;96;2;2;16;9;76,443687708836;2;2;3
792;1;20;1;3;126;2;2;18;10;85,8836168767362;3;2;4
793;0;19;2;4;138;2;2;13;8;73,9477537144229;2;1;3
794;0;20;2;4;127;2;2;8;8;82,1205561947294;3;1;4
795;0;20;4;2;126;2;2;10;9;74,516456006774;2;1;3
796;1;20;2;1;124;2;2;12;10;96,528453250371;4;2;5
797;0;20;4;2;130;2;2;16;10;75,7903508987669;2;1;3
798;0;21;3;4;121;2;2;11;7;74,4916944646232;2;1;3
799;1;20;2;2;129;2;2;12;8;64,6355784770217;1;2;2
800;1;21;4;3;119;2;2;13;10;74,6303270072282;2;2;3
801;0;20;3;1;126;2;2;13;8;75,3920441087842;2;1;3
802;0;23;3;2;94;2;2;18;11;97,1319037774778;4;1;5
803;1;20;3;1;126;2;2;13;8;74,0097460098715;2;2;3
804;0;22;4;4;105;2;2;14;10;91,9461098639697;4;1;5
805;0;20;3;2;130;2;2;10;9;74,6140698834123;2;1;3
806;1;21;3;3;122;2;2;15;8;75,3834354797576;2;2;3
807;1;23;2;3;90;2;2;8;9;74,079618125998;2;2;3
808;1;22;1;3;95;2;2;13;9;97,3537644264944;4;2;5
809;1;22;2;3;95;2;2;10;10;96,5118384478683;4;2;5
810;0;21;3;2;111;2;2;12;7;73,7675930766142;2;1;3
811;0;20;2;3;127;2;2;16;10;84,6754163813475;3;1;4
812;0;21;3;2;123;2;2;12;7;74,9838806275641;2;1;3
813;1;23;3;4;84;2;2;12;8;84,8884899984628;3;2;4
814;1;20;3;4;131;2;2;9;9;85,4033759166934;3;2;4
815;1;21;1;3;113;2;2;18;9;73,5920172233782;2;2;3
816;0;21;1;2;120;2;2;16;8;75,4170680258575;2;1;3
817;1;20;3;1;124;2;2;13;8;65,3981908995475;1;2;2
818;1;20;3;1;131;2;2;12;9;74,9193939055526;2;2;3
819;0;20;3;2;129;2;2;12;9;96,1470986477593;4;1;5
820;1;19;3;2;135;2;2;13;9;64,8611038809863;1;2;2
821;0;21;2;2;123;2;2;12;8;84,5336867512687;3;1;4
822;1;21;3;3;121;2;2;14;10;85,6223413421741;3;2;4
823;1;20;1;1;127;2;2;12;9;74,1322097168796;2;2;3
824;0;21;1;1;121;2;2;16;9;83,4083732014664;3;1;4
825;0;22;3;3;103;2;2;13;12;92,297206290295;4;1;5
826;0;21;2;1;120;2;2;16;12;96,3624715567776;4;1;5
827;1;22;3;4;103;2;2;11;9;75,4905441856948;2;2;3
828;0;20;2;1;127;2;2;10;9;74,6867089545054;2;1;3
829;1;19;2;4;136;2;2;12;10;93,6236877778114;4;2;5
830;1;21;4;2;114;2;2;14;10;94,429118359947;4;2;5
831;0;22;3;3;108;2;2;16;11;76,1070247437971;2;1;3
832;1;20;2;1;128;2;2;12;8;76,5472709935388;2;2;3
833;0;22;2;4;99;2;2;8;6;51,2500111538141;0;1;1
834;0;23;3;3;87;2;2;7;6;50,3595222755738;0;1;1
835;1;20;2;3;130;2;2;8;7;65,5933023132887;1;2;2
836;0;21;1;3;114;2;2;12;7;75,299536466047;2;1;3
837;0;21;2;3;119;2;2;18;8;47,9778737672402;0;1;1
838;0;21;1;3;122;2;2;12;6;66,0455212167872;1;1;2
839;1;21;3;3;121;2;2;11;9;91,8534734739648;4;2;5
840;1;20;2;4;125;2;2;12;7;49,6846602781891;0;2;1
841;1;21;3;1;116;2;2;12;8;65,4151275188752;1;2;2
842;1;20;2;4;134;2;2;13;9;75,6886152438996;2;2;3
843;1;20;3;3;132;2;2;17;10;82,5058850435496;3;2;4
844;1;20;1;3;134;2;2;13;9;66,8293666858249;1;2;2
845;1;20;1;4;127;3;1;14;10;65,1013249711278;1;2;2
846;0;20;4;2;131;3;1;16;9;66,2377931296389;1;1;2
847;1;20;4;2;133;3;1;14;8;73,2703839831271;2;2;3
848;1;21;4;2;123;3;1;16;8;54,4738330621427;0;2;1
849;1;19;3;4;144;3;1;11;7;73,6488576210282;2;2;3
850;1;19;1;4;142;3;1;12;8;64,6837851141328;1;2;2
851;0;19;2;4;138;3;1;12;7;46,797062946548;0;1;1
852;1;19;2;4;144;3;1;8;8;73,8993284542637;2;2;3
853;1;21;2;2;120;3;1;14;10;96,6287819869516;4;2;5
854;1;19;2;4;140;3;1;13;8;75,9212351769978;2;2;3
855;1;20;4;4;126;3;1;18;8;75,3829320231544;2;2;3
856;1;19;3;3;138;3;1;13;9;49,8260935733719;0;2;1
857;1;20;1;4;128;3;1;11;8;85,0932886353531;3;2;4
858;1;19;3;2;135;3;1;13;7;73,2101868817199;2;2;3
859;1;20;3;2;132;3;1;16;9;63,7253780177007;1;2;2
860;0;20;2;4;131;3;1;11;8;74,5651325133626;2;1;3
861;1;20;2;3;134;3;1;11;10;75,3883664230173;2;2;3
862;0;19;2;1;135;3;1;12;8;74,3226626255415;2;1;3
863;0;19;3;4;140;3;1;12;8;75,2403649106509;2;1;3
864;1;20;2;4;132;3;1;12;9;78,727799735487;2;2;3
865;0;19;2;4;137;3;1;12;9;75,4880164743005;2;1;3
866;1;19;2;4;139;3;1;16;8;67,0040333320747;1;2;2
867;1;19;2;4;140;3;1;13;9;74,9613624902278;2;2;3
868;0;20;3;4;134;3;1;12;8;84,6808655993085;3;1;4
869;0;19;4;2;143;3;1;12;9;75,3538637235945;2;1;3
870;1;19;2;4;142;3;1;12;8;74,9017247808109;2;2;3
871;1;19;3;4;139;3;1;12;6;84,0833795485611;3;2;4
872;1;21;3;4;111;4;1;6;9;75,4869304066362;2;2;3
873;1;20;3;4;129;4;1;14;8;48,8560720097798;0;2;1
874;1;20;3;4;125;4;1;14;5;47,1126888311155;0;2;1
875;1;19;3;4;142;4;1;12;9;72,549046928213;2;2;3
876;1;20;1;4;127;4;1;11;10;84,4151042856576;3;2;4
877;1;19;2;4;135;4;1;12;8;74,0032160345175;2;2;3
878;1;20;1;4;125;4;1;10;8;76,1912566843102;2;2;3
879;0;20;3;4;125;4;1;13;6;66,0206949593896;1;1;2
880;1;21;3;4;113;4;1;13;8;74,8004853984411;2;2;3
881;0;21;1;1;120;1;1;11;10;85,0792627803284;3;1;4
882;1;20;4;3;130;1;1;14;10;95,8201096806574;4;2;5
883;0;20;1;1;129;1;1;12;6;66,6972651102664;1;1;2
884;0;20;2;2;125;1;1;11;9;74,20757033004;2;1;3
885;1;21;1;4;119;1;1;12;8;77,5021516382722;2;2;3
886;1;21;3;2;122;1;1;16;8;65,7746817949065;1;2;2
887;1;23;3;3;86;1;1;12;8;84,4684830703983;3;2;4
888;1;20;2;1;125;1;1;14;8;73,0355980692936;2;2;3
889;0;21;2;4;114;1;1;16;9;94,454783529982;4;1;5
890;1;20;2;4;127;1;1;12;8;66,227522821528;1;2;2
891;1;22;2;4;106;1;1;6;10;82,4987005625204;3;2;4
892;1;21;4;1;119;1;1;14;9;65,6767428483;1;2;2
893;1;20;4;4;127;1;1;12;8;86,234155872406;3;2;4
894;1;23;1;4;89;1;1;11;7;65,8169884653321;1;2;2
895;0;21;3;4;120;1;1;12;8;65,0213542763051;1;1;2
896;0;21;2;4;116;1;1;8;10;75,6900808214581;2;1;3
897;1;22;3;4;101;1;1;16;9;94,6435432498039;4;2;5
898;1;21;3;2;121;1;1;13;6;49,2804649660878;0;2;1
899;1;21;3;4;119;1;1;12;7;45,9286851326518;0;2;1
900;1;21;3;4;113;1;1;16;7;50,9117554228619;0;2;1
901;0;21;3;1;116;1;1;15;7;64,3906644499915;1;1;2
902;1;20;3;2;126;1;1;12;9;86,5215406727344;3;2;4
903;0;20;2;2;124;1;1;12;9;83,0842371927212;3;1;4
904;1;23;4;4;84;1;1;12;7;72,536985415488;2;2;3
905;1;21;2;1;118;1;1;14;8;73,6112514897004;2;2;3
906;0;21;3;2;123;1;1;12;9;72,3911304030434;2;1;3
907;0;22;2;4;103;1;1;14;8;85,2941326826357;3;1;4
908;1;23;1;4;85;1;1;12;9;75,6747207035058;2;2;3
909;1;21;2;4;123;1;1;12;10;65,5264334652892;1;2;2
910;0;20;2;2;129;1;1;14;10;74,2845518889838;2;1;3
911;1;19;3;4;141;1;1;12;9;86,299445899192;3;2;4
912;0;21;3;4;116;1;1;12;7;83,2410509969344;3;1;4
913;1;19;2;4;135;1;1;12;10;75,2287388751684;2;2;3
914;1;21;2;2;115;1;1;16;6;52,5225320841289;0;2;1
915;1;20;3;4;126;1;1;15;7;63,1218768914138;1;2;2
916;0;19;3;4;135;1;1;12;9;84,809902927449;3;1;4
917;1;19;2;4;141;1;1;11;8;73,3635587299842;2;2;3
918;1;23;2;4;94;1;1;12;6;74,2226855962842;2;2;3
919;1;21;2;3;122;1;1;14;10;73,9510946057308;2;2;3
920;0;23;1;4;82;4;1;8;10;94,2675593996583;4;1;5
921;0;23;3;2;88;4;1;16;8;74,7966139553233;2;1;3
922;1;22;4;4;100;4;1;9;10;95,9511894062131;4;2;5
923;0;22;4;4;104;4;1;16;8;49,109088241104;0;1;1
924;1;19;3;3;140;4;1;20;10;95,7542811467653;4;2;5
925;0;23;2;3;90;4;1;14;10;74,385816053173;2;1;3
926;1;23;2;2;85;4;1;18;9;74,8250794225738;2;2;3
927;1;23;2;4;90;4;1;8;7;65,545736337644;1;2;2
928;1;23;2;3;86;4;1;13;10;94,1888794476806;4;2;5
929;1;24;3;3;75;4;1;8;7;75,4785496729126;2;2;3
930;1;23;3;3;93;4;1;6;10;85,5750567765421;3;2;4
931;1;23;2;4;84;4;1;7;7;96,526302821239;4;2;5
932;1;23;2;4;88;4;1;5;8;73,649213155085;2;2;3
933;1;22;2;4;105;4;1;13;9;73,8008292903635;2;2;3
934;0;23;2;4;84;4;1;16;8;77,0288088185592;2;1;3
935;1;23;2;3;88;4;1;12;11;96,4381113808074;4;2;5
936;1;23;3;4;78;4;1;5;7;48,3230965703042;0;2;1
937;1;23;2;3;79;4;1;13;6;47,7855253400871;0;2;1
938;1;22;3;4;108;4;1;12;7;73,286135726914;2;2;3
939;1;22;2;4;95;4;1;9;9;73,7487864376925;2;2;3
940;1;23;2;4;92;4;1;6;8;74,9972698981832;2;2;3
941;0;22;2;4;105;4;1;18;6;52,3835827051875;0;1;1
942;1;22;2;4;106;4;1;14;9;76,9946579598289;2;2;3
943;1;22;3;3;98;4;1;12;8;75,1065739034451;2;2;3
944;1;22;2;4;98;4;1;8;8;75,3837717744245;2;2;3
945;1;23;2;3;91;4;1;8;10;85,0027563073907;3;2;4
946;1;22;1;4;102;2;1;12;7;50,7433930731448;0;2;1
947;1;22;1;3;108;2;1;16;8;62,4891665845228;1;2;2
948;1;21;4;1;110;2;1;14;9;94,6739761135456;4;2;5
949;0;19;4;2;135;2;1;18;8;76,0422158601211;2;1;3
950;1;20;3;1;126;2;1;12;6;51,6170971281195;0;2;1
951;1;20;1;4;131;2;1;9;9;86,0356578179332;3;2;4
952;1;20;1;4;134;2;1;14;11;77,2064503108312;2;2;3
953;0;20;1;1;127;2;1;14;8;63,0919624779017;1;1;2
954;1;21;3;3;114;2;1;13;8;77,5583848310389;2;2;3
955;0;21;2;3;119;2;1;20;7;49,3644674439709;0;1;1
956;0;21;2;3;112;2;1;12;8;84,0286741058295;3;1;4
957;1;20;2;3;129;2;1;14;8;65,0803426933297;1;2;2
958;0;20;2;3;128;2;1;14;9;82,7642835327837;3;1;4
959;1;20;2;1;129;2;1;16;10;85,7909413119474;3;2;4
960;0;20;2;3;131;2;1;12;10;64,5799310598077;1;1;2
961;1;20;2;3;125;2;1;17;10;95,723515286775;4;2;5
962;0;20;1;2;132;2;1;12;9;86,4092202946377;3;1;4
963;0;20;3;3;133;2;1;16;9;63,9594675372634;1;1;2
964;1;23;2;2;88;2;1;12;9;84,6029706624522;3;2;4
965;1;20;3;2;133;2;1;14;11;95,2456937234603;4;2;5
966;0;20;1;3;129;2;1;16;9;76,5556890026506;2;1;3
967;1;23;1;3;92;2;1;14;9;74,7562794296952;2;2;3
968;1;19;3;3;139;2;1;12;8;84,102957202734;3;2;4
969;0;23;3;4;91;2;1;8;8;53,6457309215531;0;1;1
970;1;21;3;3;122;2;1;20;10;86,4513407000157;3;2;4
971;0;20;3;3;126;2;1;18;9;63,7599012099331;1;1;2
972;1;20;3;3;128;2;1;19;9;73,77491403234;2;2;3
973;0;19;3;4;137;2;1;12;9;75,3323208403246;2;1;3
974;1;20;2;4;131;2;1;12;9;84,781177859147;3;2;4
975;0;22;2;3;101;2;1;14;9;95,5865403831869;4;1;5
976;1;22;2;1;104;2;1;16;9;76,028320809346;2;2;3
977;1;22;2;4;95;2;1;9;11;95,679692739918;4;2;5
978;1;21;2;4;123;2;1;12;10;95,2114185459734;4;2;5
979;0;20;2;4;124;2;1;14;9;74,7618640707988;2;1;3
980;1;20;2;4;130;2;1;16;8;72,2810175925748;2;2;3
981;1;19;2;3;140;2;1;11;9;66,5361793730474;1;2;2
982;0;22;3;2;99;2;1;12;7;66,3752391303103;1;1;2
983;0;21;4;3;123;2;1;19;8;74,7906122190264;2;1;3
984;1;22;4;3;102;2;1;12;8;94,517475882804;4;2;5
985;1;22;4;4;102;2;1;8;9;93,259584462071;4;2;5
986;1;21;4;3;117;2;1;14;8;84,9224264201957;3;2;4
987;1;20;4;3;126;2;1;18;9;64,8186697359772;1;2;2
988;0;20;4;1;124;2;1;16;9;97,8288741848616;4;1;5
989;1;19;1;2;135;2;1;14;11;74,6735197108918;2;2;3
990;0;22;1;2;99;2;1;7;9;76,5579949577149;2;1;3
991;1;22;1;2;104;2;1;12;9;76,5697979303377;2;2;3
992;0;21;1;4;116;2;1;12;8;77,655362278799;2;1;3
993;1;19;3;1;135;2;1;16;9;94,7466309063825;4;2;5
994;0;21;3;1;119;2;1;16;9;64,9146730154037;1;1;2
995;0;21;3;3;112;2;1;13;9;84,293942489391;3;1;4
996;1;22;3;3;107;2;1;10;9;91,5361804271903;4;2;5
997;0;20;3;1;133;2;1;12;8;48,220739790271;0;1;1
998;1;20;3;2;132;2;1;12;9;85,8701161789412;3;2;4
999;0;22;3;1;108;2;1;13;10;95,3140816097878;4;1;5
1000;0;23;2;4;91;2;1;12;10;94,5962986352204;4;1;5
1001;1;21;2;3;111;2;1;16;11;94,3461498438827;4;2;5
1002;1;22;2;1;100;2;1;14;8;64,5679172004079;1;2;2
1003;0;19;2;4;137;2;1;13;5;50,0635163674513;0;1;1
1004;1;21;2;2;121;2;1;14;11;84,4991454073107;3;2;4
1005;1;19;2;4;135;2;1;10;9;73,3148907782935;2;2;3
1006;1;20;2;3;133;2;1;16;10;85,9345796853447;3;2;4
1007;0;20;2;3;130;2;1;18;11;94,7828335159627;4;1;5
1008;0;20;2;3;127;2;1;12;6;93,576857063427;4;1;5
1009;1;19;2;4;136;2;1;16;9;83,1913508897384;3;2;4
1010;0;19;2;4;135;2;1;9;9;94,1412636513681;4;1;5
1011;0;19;2;4;140;2;1;12;11;84,4945877386795;3;1;4
1012;0;19;2;2;139;2;1;13;11;95,7689483657385;4;1;5
1013;0;21;2;1;116;2;1;14;10;93,9815155344466;4;1;5
1014;0;21;2;4;117;2;1;14;8;95,4738784274417;4;1;5
1015;0;20;4;2;125;2;1;14;10;72,9740070377061;2;1;3
1016;1;20;4;1;125;2;1;18;8;83,8139100011421;3;2;4
1017;0;23;1;3;89;2;1;10;5;48,0745803771233;0;1;1
1018;1;20;3;1;132;2;1;16;8;64,529993358625;1;2;2
1019;1;20;2;3;132;2;1;16;9;74,9902766801847;2;2;3
1020;1;19;2;3;138;2;1;16;9;65,194017952372;1;2;2
1021;0;20;2;3;128;2;1;20;7;74,3029331070033;2;1;3
1022;0;22;3;3;97;2;1;12;11;85,901935343053;3;1;4
1023;0;20;2;3;129;2;1;16;11;87,5367239013275;3;1;4
1024;0;21;1;3;119;2;1;16;8;94,4233359380386;4;1;5
1025;0;21;2;2;111;2;1;10;10;91,7987463552243;4;1;5
1026;1;23;2;4;91;2;1;8;9;94,3245571024617;4;2;5
1027;0;21;3;2;116;2;1;6;9;96,785924025171;4;1;5
1028;0;21;3;3;114;2;1;16;6;48,4997727834117;0;1;1
1029;1;23;2;2;86;2;1;12;10;75,7842700329984;2;2;3
1030;0;20;2;3;134;2;1;18;8;52,060300446334;0;1;1
1031;1;20;3;2;134;2;1;12;9;74,5521140792316;2;2;3
1032;0;20;1;3;124;2;1;17;11;82,5184030948102;3;1;4
1033;1;21;3;3;114;2;1;14;7;48,0785381593564;0;2;1
1034;1;21;2;2;122;2;1;14;10;95,500478947184;4;2;5
1035;1;19;2;1;136;2;1;16;8;86,6434849152075;3;2;4
1036;1;19;2;3;135;2;1;13;10;65,7377678259416;1;2;2
1037;0;20;3;1;132;2;1;13;11;76,2747453480217;2;1;3
1038;0;19;2;4;137;2;1;13;10;75,6926811889275;2;1;3
1039;0;21;2;1;111;2;1;12;9;73,7804651970202;2;1;3
1040;0;19;3;1;138;2;1;14;8;93,866630966615;4;1;5
1041;1;19;2;4;140;2;1;14;6;49,0595731242874;0;2;1
1042;1;20;2;1;133;2;1;12;8;51,7419347556234;0;2;1
1043;1;21;2;3;123;2;1;12;8;75,2169058880367;2;2;3
1044;1;23;2;4;91;2;1;12;10;76,1845729902015;2;2;3
1045;1;20;2;2;134;2;1;12;10;83,2268734133208;3;2;4
1046;1;19;2;3;135;2;1;16;10;75,785968708838;2;2;3
1047;0;21;3;1;112;2;1;12;10;94,9237310942284;4;1;5
1048;1;19;3;4;137;2;1;12;9;94,57885237591;4;2;5
1049;0;19;3;4;140;2;1;12;10;95,0320380692602;4;1;5
1050;0;19;2;4;135;2;1;12;8;77,0498376558145;2;1;3
1051;1;23;3;4;89;2;1;12;10;72,7149803421272;2;2;3
1052;1;20;2;4;132;2;1;12;7;73,7031266927276;2;2;3
1053;1;21;2;3;115;2;1;8;10;74,4546542166287;2;2;3
1054;0;22;1;4;98;2;1;14;10;74,9462395456206;2;1;3
1055;1;22;2;3;99;2;1;12;5;48,8253940054727;0;2;1
1056;1;19;2;4;135;2;1;16;9;82,36791909225;3;2;4
1057;1;19;2;4;141;2;1;12;10;86,0285742533598;3;2;4
1058;0;23;4;2;90;2;1;16;10;94,254233111071;4;1;5
1059;0;21;1;3;123;2;1;18;9;84,6384646739789;3;1;4
1060;1;20;2;2;130;2;1;14;7;50,4427877870126;0;2;1
1061;0;19;2;2;137;2;1;12;9;74,7809070404651;2;1;3
1062;0;21;1;3;117;2;1;14;6;50,3709594946282;0;1;1
1063;0;19;2;4;140;2;1;14;9;74,4232534486476;2;1;3
1064;1;23;3;1;94;2;1;17;9;75,6059196825596;2;2;3
1065;1;20;3;4;128;2;1;8;7;48,3226042092476;0;2;1
1066;0;23;2;4;81;2;1;12;9;75,8369942009875;2;1;3
1067;0;20;1;2;133;2;1;12;9;74,9137945306494;2;1;3
1068;1;23;2;2;77;2;1;11;6;50,112746240827;0;2;1
1069;0;20;1;4;127;2;1;8;8;75,4813238554056;2;1;3
1070;1;20;3;2;128;2;1;18;8;86,7881780187;3;2;4
1071;1;19;3;2;139;2;1;14;10;95,1671441700178;4;2;5
1072;0;22;2;3;106;2;1;17;9;82,3527771890403;3;1;4
1073;0;20;2;2;129;2;1;14;10;84,6853081846298;3;1;4
1074;0;20;2;1;133;2;1;17;7;64,9756872422697;1;1;2
1075;1;20;3;1;131;2;1;18;8;65,6052758340564;1;2;2
1076;1;22;1;4;109;2;1;12;7;50,3360035115244;0;2;1
1077;0;20;4;4;130;2;1;9;9;74,188839164744;2;1;3
1078;1;20;3;1;132;2;1;14;9;94,2734959223093;4;2;5
1079;1;21;2;2;121;2;1;12;9;74,3848185736524;2;2;3
1080;0;20;1;3;126;2;1;16;10;94,1638791191735;4;1;5
1081;1;19;3;4;141;2;1;8;10;96,7279581641583;4;2;5
1082;0;19;2;2;137;2;1;12;8;73,2176591062097;2;1;3
1083;0;23;3;4;81;2;1;6;8;63,1834016558023;1;1;2
1084;0;23;2;3;77;2;1;12;9;92,2468360392161;4;1;5
1085;0;19;4;3;135;2;1;12;9;76,7950229247982;2;1;3
1086;0;19;2;3;135;2;1;16;9;85,9269145281766;3;1;4
1087;0;21;1;1;119;3;0;16;9;50,1466849580461;0;1;1
1088;1;21;1;3;118;3;0;15;10;74,6856227579988;2;2;3
1089;1;23;1;3;85;3;0;17;9;64,1339558941208;1;2;2
1090;1;22;1;4;109;3;0;18;9;74,6067599644484;2;2;3
1091;1;20;1;2;134;3;0;18;7;50,5297048019876;0;2;1
1092;1;19;1;1;140;3;0;15;8;50,225783618763;0;2;1
1093;1;20;4;2;127;3;0;18;8;44,4032194759406;0;2;1
1094;1;19;4;4;140;3;0;16;7;52,019749543559;0;2;1
1095;0;20;4;1;134;3;0;16;8;53,3877243641714;0;1;1
1096;1;21;4;3;118;3;0;13;11;95,4113772261023;4;2;5
1097;0;20;4;1;132;3;0;14;9;94,9061923089548;4;1;5
1098;0;21;3;1;115;3;0;16;7;72,046010124973;2;1;3
1099;0;19;3;1;143;3;0;13;11;95,8519452318175;4;1;5
1100;0;20;3;4;127;3;0;12;7;50,5637246892988;0;1;1
1101;1;21;3;2;121;3;0;12;9;96,0867409159087;4;2;5
1102;1;21;3;1;119;3;0;16;9;83,5409329605925;3;2;4
1103;1;19;3;3;140;3;0;16;8;64,7896440321158;1;2;2
1104;0;19;3;1;136;3;0;13;9;85,7028740223193;3;1;4
1105;1;19;3;2;140;3;0;16;6;49,7876932915564;0;2;1
1106;1;22;1;4;101;3;0;18;10;94,426672496516;4;2;5
1107;1;22;3;2;101;3;0;12;9;95,5929087454668;4;2;5
1108;0;18;3;1;145;3;0;11;7;49,3876200391505;0;1;1
1109;0;20;3;2;132;3;0;16;10;95,253686241825;4;1;5
1110;1;19;3;4;136;3;0;11;9;65,7753055908872;1;2;2
1111;0;19;3;2;135;3;0;13;7;51,4964136748294;0;1;1
1112;0;21;4;2;113;3;0;15;7;50,2648568474618;0;1;1
1113;0;20;2;3;133;3;0;16;10;75,4291463563596;2;1;3
1114;0;20;2;3;127;3;0;12;8;52,8395426674076;0;1;1
1115;1;20;2;1;130;3;0;16;9;73,9602619639592;2;2;3
1116;0;22;1;3;107;3;0;18;7;48,307001491238;0;1;1
1117;0;20;1;4;129;3;0;16;6;73,9906214373119;2;1;3
1118;1;21;1;4;120;3;0;17;6;50,2222259826678;0;2;1
1119;0;21;1;2;123;3;0;16;8;50,3308476337596;0;1;1
1120;0;19;1;2;136;3;0;17;9;83,580942342518;3;1;4
1121;1;22;2;1;108;3;0;12;8;52,4976837871146;0;2;1
1122;0;20;3;2;127;3;0;17;9;64,7426772883623;1;1;2
1123;0;22;1;2;106;3;0;12;10;76,0149596800013;2;1;3
1124;1;19;1;2;136;3;0;14;8;63,9586220508751;1;2;2
1125;1;19;1;2;136;3;0;16;8;64,102163674261;1;2;2
1126;0;21;1;2;112;3;0;12;9;62,7565625517968;1;1;2
1127;0;19;1;4;137;3;0;15;10;98,5385131155317;4;1;5
1128;1;19;1;2;143;3;0;12;10;74,4193113090506;2;2;3
1129;0;20;3;2;130;3;0;16;10;85,5599582182963;3;1;4
1130;1;19;3;3;138;3;0;18;6;63,882798462518;1;2;2
1131;0;19;3;4;139;3;0;16;9;74,7083258887323;2;1;3
1132;0;21;3;2;119;3;0;12;9;76,8191118046331;2;1;3
1133;0;23;3;4;92;3;0;16;10;76,3920727116853;2;1;3
1134;0;19;3;1;142;3;0;13;10;94,1099997078981;4;1;5
1135;1;19;3;4;144;3;0;11;6;47,3825569261853;0;2;1
1136;1;19;3;3;144;3;0;12;7;66,5120894803307;1;2;2
1137;0;19;3;1;142;3;0;12;9;75,348569832767;2;1;3
1138;0;19;3;4;143;3;0;12;10;73,7965180713141;2;1;3
1139;1;19;3;4;141;3;0;15;8;65,5898974404107;1;2;2
1140;1;19;3;4;140;3;0;15;9;85,3333266362414;3;2;4
1141;1;19;3;4;141;3;0;15;10;82,7091224502355;3;2;4
1142;0;19;3;4;141;3;0;15;10;86,1573745631245;3;1;4
1143;1;19;3;4;143;3;0;13;10;86,5946672317873;3;2;4
1144;0;19;3;2;138;3;0;16;9;94,1739655421996;4;1;5
1145;0;21;3;4;110;3;0;12;11;86,7634309353279;3;1;4
1146;0;19;2;4;144;3;0;11;8;74,2929790705122;2;1;3
1147;1;19;2;1;144;3;0;11;10;94,6991773495777;4;2;5
1148;0;21;2;4;116;3;0;13;10;85,1515197909438;3;1;4
1149;0;19;2;1;144;3;0;11;11;96,6522227783471;4;1;5
1150;0;19;2;4;138;3;0;12;8;75,7204146879103;2;1;3
1151;0;19;2;2;143;3;0;12;10;85,1263607563896;3;1;4
1152;1;19;2;1;142;3;0;13;10;85,8311257317657;3;2;4
1153;0;23;2;4;83;3;0;8;8;74,2708813633639;2;1;3
1154;1;22;2;4;97;3;0;12;9;93,2423875960824;4;2;5
1155;0;20;2;4;124;3;0;12;8;63,9940819835225;1;1;2
1156;1;20;2;4;131;3;0;20;8;62,502208143532;1;2;2
1157;1;21;2;2;117;3;0;20;9;84,1377325367969;3;2;4
1158;1;20;2;4;131;3;0;18;8;94,384872594335;4;2;5
1159;0;20;2;2;127;3;0;16;9;95,0446274774524;4;1;5
1160;1;19;2;4;142;3;0;14;8;65,3492742049866;1;2;2
1161;1;20;2;4;133;3;0;14;8;76,6269686961069;2;2;3
1162;1;19;2;4;140;3;0;16;8;76,0749648193122;2;2;3
1163;0;19;4;4;135;3;0;7;6;49,3227632363461;0;1;1
1164;0;19;4;4;143;3;0;13;10;93,9710274450965;4;1;5
1165;0;20;4;1;134;3;0;14;10;74,9404565152844;2;1;3
1166;0;20;4;1;129;3;0;15;7;49,0206760570218;0;1;1
1167;0;20;4;4;127;3;0;13;8;49,1236425169929;0;1;1
1168;1;19;4;4;135;3;0;19;6;49,9916867845625;0;2;1
1169;0;19;4;4;140;3;0;15;7;49,7806415797817;0;1;1
1170;0;19;4;4;142;3;0;14;6;49,6116279426419;0;1;1
1171;0;21;4;2;121;3;0;20;8;77,1267700056835;2;1;3
1172;1;19;4;3;141;3;0;16;7;65,4493899677732;1;2;2
1173;0;19;4;3;144;3;0;11;9;73,9060613423927;2;1;3
1174;0;19;1;2;139;3;0;12;9;85,5898749954404;3;1;4
1175;0;19;1;4;139;3;0;9;9;74,4826614363181;2;1;3
1176;1;19;3;3;143;3;0;12;10;83,3959145770715;3;2;4
1177;1;19;3;4;139;3;0;14;10;84,4513478834281;3;2;4
1178;1;23;3;4;91;3;0;9;8;74,3953939466196;2;2;3
1179;0;20;3;4;124;3;0;16;8;73,7175019781805;2;1;3
1180;0;19;3;3;137;3;0;16;7;48,7453507997658;0;1;1
1181;1;19;3;4;138;3;0;16;6;65,3118953664798;1;2;2
1182;1;19;3;3;140;3;0;10;9;86,688956663178;3;2;4
1183;0;19;3;2;135;3;0;17;10;94,2242482798536;4;1;5
1184;0;19;3;3;143;3;0;13;11;85,8357522365539;3;1;4
1185;1;19;2;3;136;3;0;14;9;83,3845587001344;3;2;4
1186;0;20;2;4;130;3;0;9;9;64,2034072580191;1;1;2
1187;0;19;2;4;142;3;0;12;9;64,0882238340065;1;1;2
1188;1;18;2;3;145;3;0;11;8;76,1926735971734;2;2;3
1189;0;21;2;1;121;3;0;14;11;94,3456135384095;4;1;5
1190;0;21;2;4;110;3;0;7;8;94,2953521374285;4;1;5
1191;1;19;2;3;141;3;0;16;9;65,1601620471492;1;2;2
1192;1;20;2;4;127;3;0;18;9;66,0477374639016;1;2;2
1193;1;19;2;2;142;3;0;12;9;72,7411145407278;2;2;3
1194;1;18;2;2;145;3;0;11;10;96,4375407152066;4;2;5
1195;1;22;2;3;109;3;0;7;10;95,7743861952882;4;2;5
1196;0;19;4;2;143;3;0;13;9;75,0062283313098;2;1;3
1197;1;19;4;3;143;3;0;12;9;75,8132293846391;2;2;3
1198;0;19;4;1;139;3;0;13;8;64,3107360815303;1;1;2
1199;0;20;3;3;133;3;0;20;10;86,7541893352709;3;1;4
1200;0;21;3;3;114;3;0;20;9;74,3912408524204;2;1;3
1201;0;21;3;3;116;3;0;16;8;48,3457933106995;0;1;1
1202;0;20;2;3;131;3;0;16;7;49,4553832850324;0;1;1
1203;1;20;2;3;133;3;0;16;10;96,266158370361;4;2;5
1204;0;19;3;1;139;3;0;15;8;65,6737399603466;1;1;2
1205;0;20;4;1;130;3;0;16;9;74,1999370798728;2;1;3
1206;0;19;2;2;136;3;0;20;9;74,8061981507852;2;1;3
1207;1;19;3;2;141;3;0;12;8;73,6152382045068;2;2;3
1208;1;19;1;2;142;3;0;13;9;64,3728187829875;1;2;2
1209;1;19;3;3;141;3;0;16;9;84,7225183990346;3;2;4
1210;0;20;2;2;124;3;0;18;7;49,3719706743724;0;1;1
1211;0;19;3;3;144;3;0;13;8;49,968675540647;0;1;1
1212;1;19;1;3;144;3;0;11;12;94,8171399599708;4;2;5
1213;0;20;3;2;126;3;0;14;7;64,8370471306971;1;1;2
1214;1;19;3;3;135;3;0;17;7;64,6592429510046;1;2;2
1215;1;20;3;4;130;3;0;14;6;52,2751506321685;0;2;1
1216;0;19;2;1;137;3;0;10;9;78,418958096177;2;1;3
1217;0;20;2;4;125;3;0;15;8;76,0128669742643;2;1;3
1218;1;22;2;3;95;3;0;13;9;93,1092429210136;4;2;5
1219;0;20;2;3;134;3;0;14;7;75,447821746432;2;1;3
1220;0;19;2;4;141;3;0;15;10;83,9392477099063;3;1;4
1221;0;21;2;1;123;3;0;12;10;74,8634243540808;2;1;3
1222;1;22;2;1;97;3;0;16;10;93,5770470575936;4;2;5
1223;1;19;2;3;141;3;0;15;8;48,7995761206843;0;2;1
1224;1;20;3;3;124;3;0;16;7;50,6816201301063;0;2;1
1225;0;22;4;4;98;3;0;11;7;51,1503315332821;0;1;1
1226;0;19;3;4;135;3;0;12;11;86,5889385944218;3;1;4
1227;1;20;4;4;132;3;0;12;9;77,0437350122155;2;2;3
1228;1;19;2;3;139;3;0;12;9;84,770248315838;3;2;4
1229;1;20;3;2;133;3;0;14;7;73,70195161425;2;2;3
1230;0;19;2;4;138;3;0;17;9;82,8866878618274;3;1;4
1231;1;20;2;2;124;3;0;18;8;52,3347078747272;0;2;1
1232;1;19;2;3;140;3;0;16;8;63,9458590750358;1;2;2
1233;1;18;3;3;145;3;0;11;9;84,0533833395604;3;2;4
1234;1;19;3;2;138;3;0;16;9;76,0859856856626;2;2;3
1235;0;20;3;4;132;3;0;12;9;47,7107121169869;0;1;1
1236;1;19;2;2;140;3;0;16;8;66,0043431566053;1;2;2
1237;0;19;3;4;140;3;0;15;10;73,6281196698702;2;1;3
1238;1;19;3;2;139;3;0;14;9;85,0357128912934;3;2;4
1239;0;20;2;1;133;3;0;11;10;94,8689675617312;4;1;5
1240;1;19;1;3;138;3;0;16;5;50,8879873806641;0;2;1
1241;1;19;2;2;140;3;0;16;8;65,5078381931546;1;2;2
1242;0;20;1;4;133;3;0;14;8;87,4018194980905;3;1;4
1243;1;19;2;4;138;3;0;12;5;47,5970544898651;0;2;1
1244;0;19;3;4;137;3;0;18;8;49,787021883341;0;1;1
1245;1;21;4;4;121;3;0;17;8;63,7798191519002;1;2;2
1246;0;20;3;2;128;3;0;14;6;47,9291687982659;0;1;1
1247;0;19;3;4;138;3;0;12;8;82,7290581561029;3;1;4
1248;0;19;2;2;143;3;0;15;8;74,2474052267135;2;1;3
1249;1;19;3;4;142;3;0;11;7;48,6204206106994;0;2;1
1250;1;19;3;4;143;3;0;12;9;73,311061399136;2;2;3
1251;1;19;2;4;140;3;0;16;9;51,3562978304435;0;2;1
1252;1;19;3;4;143;3;0;14;9;84,9117517520198;3;2;4
1253;1;20;3;2;129;3;0;12;9;64,7761026254343;1;2;2
1254;1;19;3;3;135;3;0;13;10;94,7801428814798;4;2;5
1255;0;19;3;4;139;3;0;9;8;74,9612415718246;2;1;3
1256;0;22;2;4;102;3;0;4;9;73,7433656521295;2;1;3
1257;1;21;3;4;119;3;0;12;9;75,0897864680532;2;2;3
1258;0;20;3;2;133;3;0;14;8;74,5364842362005;2;1;3
1259;1;20;2;2;129;3;0;16;6;46,0853572469201;0;2;1
1260;0;21;3;1;116;3;0;12;10;93,2612944232137;4;1;5
1261;1;20;2;2;125;3;0;11;8;74,8073338962434;2;2;3
1262;0;22;2;4;99;3;0;8;7;56,240635587112;0;1;1
1263;0;19;3;3;144;3;0;11;10;91,6067924521189;4;1;5
1264;1;19;4;4;138;3;0;14;10;94,0587103905955;4;2;5
1265;1;21;3;2;114;3;0;16;11;93,229624979049;4;2;5
1266;0;19;1;3;142;3;0;12;9;67,1191184270701;1;1;2
1267;0;19;3;2;137;3;0;14;10;96,2032286181453;4;1;5
1268;1;20;3;2;134;3;0;16;7;46,1703063384192;0;2;1
1269;0;20;2;2;134;3;0;16;10;83,257685188654;3;1;4
1270;1;19;1;2;138;3;0;13;8;75,9591242607135;2;2;3
1271;1;20;3;4;134;3;0;15;6;75,1460089388866;2;2;3
1272;0;20;3;2;128;3;0;17;7;63,7571872949652;1;1;2
1273;0;20;2;2;128;3;0;9;8;86,0567681793587;3;1;4
1274;1;21;2;4;120;3;0;8;9;72,969207793206;2;2;3
1275;0;19;3;1;137;3;0;14;9;75,5809246913576;2;1;3
1276;1;19;3;3;138;3;0;16;9;64,7044780033845;1;2;2
1277;0;19;3;4;139;3;0;15;5;49,0026069909388;0;1;1
1278;0;20;2;4;130;3;0;14;9;74,8992771073756;2;1;3
1279;1;20;3;3;131;3;0;12;7;74,7112520235886;2;2;3
1280;0;20;2;4;128;3;0;15;7;50,7667521403394;0;1;1
1281;1;21;3;4;114;3;0;14;10;74,6197277425318;2;2;3
1282;0;20;2;4;128;3;0;14;8;94,5779673583487;4;1;5
1283;1;20;4;4;130;3;0;16;9;65,7883212232069;1;2;2
1284;0;20;3;4;131;3;0;16;7;73,9220455483053;2;1;3
1285;0;20;3;4;133;3;0;12;9;73,3064698521827;2;1;3
1286;1;20;2;4;134;3;0;12;8;52,6660009946898;0;2;1
1287;1;20;3;4;126;3;0;13;8;75,6753867708004;2;2;3
1288;0;19;2;4;135;3;0;18;11;95,5169354286964;4;1;5
1289;0;19;4;4;140;3;0;16;9;85,7242230199802;3;1;4
1290;1;21;3;4;120;3;0;18;7;52,3513067704397;0;2;1
1291;0;20;4;1;129;3;0;18;7;74,880397671995;2;1;3
1292;0;22;3;4;100;3;0;12;10;94,3038388165519;4;1;5
1293;0;21;3;3;115;3;0;14;6;50,4494394046103;0;1;1
1294;0;19;2;1;135;3;0;16;7;45,9002358690239;0;1;1
1295;0;19;1;2;142;3;0;13;7;76,1809311868545;2;1;3
1296;0;19;2;2;135;3;0;13;7;64,8435117115001;1;1;2
1297;1;21;3;4;122;3;0;14;8;75,212430038317;2;2;3
1298;0;19;3;3;143;3;0;12;11;93,350032144015;4;1;5
1299;0;19;3;4;142;3;0;12;9;73,2686453424596;2;1;3
1300;1;19;4;4;141;3;0;12;9;75,5769691400423;2;2;3
1301;1;19;2;4;144;3;0;11;8;51,7432839874577;0;2;1
1302;0;20;2;2;125;3;0;12;9;73,6000676701078;2;1;3
1303;1;20;2;4;134;3;0;12;9;73,7233388826433;2;2;3
1304;0;19;3;4;139;3;0;16;9;74,4476859968743;2;1;3
1305;0;19;2;4;137;3;0;17;10;84,6059397749819;3;1;4
1306;1;19;3;4;139;3;0;16;9;75,6117929914137;2;2;3
1307;1;21;3;4;119;3;0;16;10;75,5503420909114;2;2;3
1308;1;19;3;4;137;3;0;19;9;87,6118194909291;3;2;4
1309;0;18;2;1;145;3;0;11;11;85,8763872803034;3;1;4
1310;0;19;3;2;144;3;0;12;7;73,9225267203257;2;1;3
1311;0;19;3;4;141;3;0;12;9;73,360342882877;2;1;3
1312;0;19;3;4;138;3;0;15;9;77,0816410263006;2;1;3
1313;0;19;2;4;144;3;0;12;8;74,871978407738;2;1;3
1314;1;20;2;2;127;3;0;18;8;76,6193664272058;2;2;3
1315;1;19;3;3;143;3;0;12;10;73,8363787785364;2;2;3
1316;0;20;3;4;133;3;0;11;9;92,6606878745622;4;1;5
1317;1;19;2;4;140;3;0;16;10;93,9762316409828;4;2;5
1318;0;19;3;1;140;3;0;15;8;75,619121231015;2;1;3
1319;0;23;1;4;88;3;0;8;7;74,4758900184636;2;1;3
1320;0;20;2;4;126;3;0;10;9;64,2743420223494;1;1;2
1321;0;21;2;2;113;3;0;12;9;48,3811216087376;0;1;1
1322;1;19;2;3;140;3;0;15;8;64,6132238360277;1;2;2
1323;1;19;3;3;142;3;0;11;8;66,0157068062632;1;2;2
1324;0;19;3;4;144;3;0;11;9;65,9599670876595;1;1;2
1325;1;19;4;4;140;3;0;16;7;62,3991755301313;1;2;2
1326;0;19;3;3;144;3;0;11;10;94,0194319707247;4;1;5
1327;0;21;1;1;110;3;0;20;11;94,8349787638;4;1;5
1328;1;20;3;4;130;4;0;14;9;74,9454144546272;2;2;3
1329;0;21;3;2;118;4;0;15;7;47,4927944686511;0;1;1
1330;1;21;1;1;120;1;0;16;9;94,1993447577846;4;2;5
1331;1;20;4;1;129;1;0;18;5;50,1404765328396;0;2;1
1332;1;20;3;1;128;1;0;16;9;83,9810270606926;3;2;4
1333;0;20;1;3;125;1;0;12;8;75,3988241942736;2;1;3
1334;0;21;1;2;111;1;0;16;8;86,0501473463642;3;1;4
1335;1;21;3;2;114;1;0;14;8;77,7097482841981;2;2;3
1336;1;19;3;2;138;1;0;15;9;84,3210618727562;3;2;4
1337;0;22;2;4;95;1;0;13;8;64,4634537136249;1;1;2
1338;1;20;2;4;132;1;0;12;9;84,1463578584246;3;2;4
1339;0;21;3;4;121;1;0;14;8;74,484926832188;2;1;3
1340;0;20;4;2;124;1;0;12;8;62,6088668253293;1;1;2
1341;0;20;4;2;127;1;0;9;8;75,6159625494108;2;1;3
1342;1;20;4;4;126;1;0;13;7;48,6582782584638;0;2;1
1343;0;20;3;4;127;1;0;12;10;85,4613332097639;3;1;4
1344;0;19;3;4;135;1;0;16;9;82,6750653379292;3;1;4
1345;0;20;2;4;132;1;0;12;10;95,5422132243734;4;1;5
1346;1;20;4;2;125;1;0;14;10;73,8051193956884;2;2;3
1347;1;21;3;2;120;1;0;12;9;66,407018202513;1;2;2
1348;0;21;3;1;117;1;0;15;11;84,8924609484944;3;1;4
1349;0;22;2;4;107;1;0;18;8;74,0038873599593;2;1;3
1350;1;21;1;2;115;1;0;12;10;86,4878136910456;3;2;4
1351;1;20;3;4;125;1;0;12;10;75,9452652393278;2;2;3
1352;0;21;1;2;119;1;0;12;6;50,3597577939077;0;1;1
1353;1;21;2;2;114;1;0;12;8;75,9435502764606;2;2;3
1354;1;22;2;3;99;1;0;12;9;64,6478208988959;1;2;2
1355;0;20;2;3;132;1;0;20;10;84,338723700397;3;1;4
1356;0;19;3;4;135;1;0;10;7;64,4354447033179;1;1;2
1357;1;21;3;4;123;1;0;12;10;63,5911654635238;1;2;2
1358;1;21;1;2;121;1;0;19;9;65,520622744507;1;2;2
1359;1;21;3;1;121;1;0;18;6;51,0402032902765;0;2;1
1360;1;20;2;4;133;1;0;14;8;74,5307898390486;2;2;3
1361;1;21;4;2;116;1;0;14;10;85,8578438320145;3;2;4
1362;1;20;2;4;133;1;0;12;10;74,115513848683;2;2;3
1363;1;21;2;4;119;1;0;12;8;72,81849027061;2;2;3
1364;1;19;3;4;138;1;0;17;7;64,314784360557;1;2;2
1365;1;23;1;4;93;4;0;12;10;76,3457671381338;2;2;3
1366;1;23;1;3;81;4;0;15;7;64,9357299654438;1;2;2
1367;1;23;1;4;92;4;0;6;9;75,1241439157692;2;2;3
1368;1;22;3;4;95;4;0;13;9;85,3134561845038;3;2;4
1369;0;23;3;4;77;4;0;8;8;64,5457916258805;1;1;2
1370;1;23;2;4;85;4;0;14;9;63,9259874463119;1;2;2
1371;1;23;2;4;85;4;0;11;7;50,1764399656642;0;2;1
1372;1;22;4;4;108;4;0;6;8;93,6379121821723;4;2;5
1373;0;24;4;4;76;4;0;10;9;75,3486886160473;2;1;3
1374;1;24;4;4;74;4;0;16;8;74,0856911244966;2;2;3
1375;1;23;4;4;89;4;0;11;9;74,7957717707605;2;2;3
1376;1;23;1;4;90;4;0;10;10;83,0476875102601;3;2;4
1377;1;23;2;4;87;4;0;8;8;76,9682465368161;2;2;3
1378;0;23;2;4;80;4;0;7;9;86,043106530049;3;1;4
1379;0;21;4;4;115;4;0;12;9;76,869543106998;2;1;3
1380;1;23;2;2;89;4;0;14;11;91,9196206700233;4;2;5
1381;1;22;4;4;98;4;0;9;10;82,8657607758418;3;2;4
1382;1;23;2;4;84;4;0;12;8;94,2048387192066;4;2;5
1383;1;22;3;3;103;4;0;7;8;64,9431159233931;1;2;2
1384;1;24;2;4;74;4;0;14;10;66,6458164889212;1;2;2
1385;1;19;2;3;135;4;0;16;12;95,994288307558;4;2;5
1386;0;21;3;4;120;4;0;8;9;75,2718774985956;2;1;3
1387;1;24;3;4;75;4;0;7;8;76,2156062932554;2;2;3
1388;1;20;3;1;125;4;0;8;8;73,671480888522;2;2;3
1389;0;22;1;3;108;2;0;15;10;73,5042858406503;2;1;3
1390;1;21;4;2;114;2;0;16;9;86,6655437221954;3;2;4
1391;1;19;4;4;143;2;0;12;9;75,285368072927;2;2;3
1392;1;20;4;1;134;2;0;18;9;75,9696079865387;2;2;3
1393;0;20;1;3;128;2;0;16;10;66,7142940708208;1;1;2
1394;0;19;3;2;136;2;0;16;7;52,597123414684;0;1;1
1395;0;21;3;3;120;2;0;12;9;76,4116124574912;2;1;3
1396;0;19;3;1;135;2;0;16;10;93,3606326450897;4;1;5
1397;1;19;3;2;139;2;0;12;9;75,2350226089165;2;2;3
1398;0;19;2;1;136;2;0;15;11;94,9486529145086;4;1;5
1399;0;20;2;3;125;2;0;16;9;96,240186591868;4;1;5
1400;1;22;1;1;102;2;0;20;10;85,5684871506145;3;2;4
1401;0;21;1;3;115;2;0;16;8;51,3274308507886;0;1;1
1402;1;20;1;3;133;2;0;14;10;73,7885066920737;2;2;3
1403;1;20;1;3;131;2;0;12;8;73,1149036798804;2;2;3
1404;1;21;1;1;120;2;0;16;8;52,9815465945989;0;2;1
1405;1;22;2;2;96;2;0;16;10;93,782129583508;4;2;5
1406;1;20;3;3;131;2;0;18;10;93,688419237467;4;2;5
1407;0;21;2;4;116;2;0;6;8;74,5572060839145;2;1;3
1408;1;20;1;4;130;2;0;15;9;74,4890603312958;2;2;3
1409;1;20;1;3;130;2;0;14;10;65,1783009598478;1;2;2
1410;0;21;1;3;113;2;0;14;8;76,9431105272999;2;1;3
1411;0;19;1;1;135;2;0;16;9;61,1036995713218;1;1;2
1412;0;20;1;1;132;2;0;16;9;73,6559899642838;2;1;3
1413;1;20;3;2;133;2;0;12;10;74,5757300094162;2;2;3
1414;1;23;3;3;94;2;0;12;9;76,271085109339;2;2;3
1415;0;19;3;2;137;2;0;13;9;74,3558717914991;2;1;3
1416;0;21;3;3;122;2;0;14;10;74,9514443333307;2;1;3
1417;1;20;3;3;133;2;0;12;9;73,2010861407204;2;2;3
1418;1;19;3;4;142;2;0;11;8;63,6897224122976;1;2;2
1419;1;20;3;1;133;2;0;14;7;64,3631620064356;1;2;2
1420;0;19;2;4;140;2;0;14;9;75,5585014320095;2;1;3
1421;1;22;2;2;95;2;0;12;9;76,090687523627;2;2;3
1422;0;23;2;2;85;2;0;9;10;95,776252418491;4;1;5
1423;0;21;2;2;117;2;0;12;11;73,3447327212725;2;1;3
1424;1;19;2;2;136;2;0;14;8;62,6435162803517;1;2;2
1425;1;19;2;2;137;2;0;12;9;75,7239182145781;2;2;3
1426;0;19;4;4;136;2;0;16;8;75,2259433501222;2;1;3
1427;0;19;4;4;139;2;0;12;9;94,9504568629448;4;1;5
1428;0;24;1;4;76;2;0;13;10;95,4877025503704;4;1;5
1429;0;20;3;3;126;2;0;14;9;76,63614335774;2;1;3
1430;1;19;3;4;142;2;0;13;7;50,7833970121784;0;2;1
1431;1;21;3;4;123;2;0;12;10;84,0180852574594;3;2;4
1432;1;19;2;4;142;2;0;14;9;73,590187787366;2;2;3
1433;0;20;2;2;130;2;0;20;7;66,9495713474162;1;1;2
1434;1;21;2;4;114;2;0;9;9;85,7622708654013;3;2;4
1435;1;19;2;4;143;2;0;10;7;73,1770042369751;2;2;3
1436;1;19;4;4;139;2;0;17;10;76,2879749091338;2;2;3
1437;1;20;2;3;128;2;0;16;9;75,5890601555694;2;2;3
1438;0;21;2;3;112;2;0;12;8;49,8451594135133;0;1;1
1439;0;22;3;1;107;2;0;12;10;94,9621508256663;4;1;5
1440;1;21;3;3;122;2;0;15;8;84,5511072947863;3;2;4
1441;1;20;2;3;125;2;0;16;7;52,2524472351467;0;2;1
1442;1;19;2;3;136;2;0;16;9;74,5636632866792;2;2;3
1443;0;21;3;4;116;2;0;19;8;85,115613015838;3;1;4
1444;1;20;2;4;132;2;0;12;9;75,7860438583636;2;2;3
1445;1;20;2;2;133;2;0;14;7;64,6313455387551;1;2;2
1446;0;19;2;3;135;2;0;18;9;86,0551182233624;3;1;4
1447;0;20;2;2;127;2;0;12;9;94,912246492192;4;1;5
1448;1;20;2;3;132;2;0;19;7;67,1426713701536;1;2;2
1449;0;21;1;1;122;2;0;16;6;50,4085486363517;0;1;1
1450;0;20;2;2;133;2;0;16;6;72,8933668822635;2;1;3
1451;1;20;2;3;133;2;0;16;9;84,9946016386848;3;2;4
1452;0;21;3;4;122;2;0;12;10;75,1889858789122;2;1;3
1453;1;23;2;4;81;2;0;8;10;74,3838100367054;2;2;3
1454;1;20;2;2;125;2;0;15;9;85,5939473934713;3;2;4
1455;1;20;3;2;124;2;0;16;7;67,403799388703;1;2;2
1456;1;20;2;2;130;2;0;14;10;75,2606799743137;2;2;3
1457;1;21;3;3;117;2;0;18;8;65,9176719285284;1;2;2
1458;1;21;1;3;118;2;0;16;8;61,1802957942827;1;2;2
1459;1;19;4;3;138;2;0;11;7;52,9793414137982;0;2;1
1460;0;21;2;2;120;2;0;12;8;74,2837039347824;2;1;3
1461;0;20;4;2;134;2;0;16;10;86,2109521592442;3;1;4
1462;0;19;4;2;136;2;0;9;8;65,8471219468431;1;1;2
1463;0;21;4;2;121;2;0;12;9;75,6414902663965;2;1;3
1464;0;19;3;1;138;2;0;16;7;74,9030092084803;2;1;3
1465;1;21;3;4;121;2;0;10;10;94,524906813854;4;2;5
1466;0;21;3;2;119;2;0;17;8;66,5047427111387;1;1;2
1467;0;20;2;2;130;2;0;19;8;63,8361402891564;1;1;2
1468;0;19;3;2;139;2;0;11;9;86,2178578165872;3;1;4
1469;1;20;2;4;131;2;0;9;9;75,1791638818687;2;2;3
1470;0;19;3;4;135;2;0;18;8;47,5417704940699;0;1;1
1471;0;24;4;1;76;2;0;12;8;75,865677387809;2;1;3
1472;0;19;2;4;138;2;0;12;9;52,6686437717788;0;1;1
1473;0;20;3;4;134;2;0;16;8;94,5171628475942;4;1;5
1474;1;20;3;4;124;2;0;12;7;74,6690056035072;2;2;3
1475;1;23;3;3;85;2;0;12;8;75,2700103440429;2;2;3
1476;1;19;4;2;142;2;0;15;11;96,2149304705552;4;2;5
1477;0;19;3;1;138;2;0;17;9;95,9229601762116;4;1;5
1478;1;22;3;2;99;2;0;16;10;75,3197011962875;2;2;3
1479;1;22;2;2;100;2;0;16;9;52,5543152435332;0;2;1
1480;1;20;2;1;134;2;0;12;9;84,6006084319814;3;2;4
1481;1;20;3;1;128;2;0;12;9;87,0248605808354;3;2;4
1482;1;19;2;4;139;2;0;12;9;73,9591636451771;2;2;3
1483;0;22;3;3;97;2;0;18;9;96,6755673040014;4;1;5
1484;0;21;3;2;122;2;0;16;7;63,9671014514857;1;1;2
1485;1;21;1;3;123;2;0;14;8;64,5215810828307;1;2;2
1486;0;23;2;4;90;2;0;12;10;95,1240535425718;4;1;5
1487;1;19;3;4;135;2;0;12;9;73,8446124527327;2;2;3
1488;0;20;3;2;132;2;0;15;9;74,4606084863661;2;1;3
1489;1;21;3;4;123;2;0;12;6;48,2949270313245;0;2;1
1490;0;22;3;4;101;2;0;8;7;51,0369024462497;0;1;1
1491;0;23;3;4;93;2;0;8;10;95,1783327322806;4;1;5
1492;0;20;3;2;124;2;0;12;7;75,1131958513706;2;1;3
1493;1;22;1;1;109;2;0;16;9;75,1678921774416;2;2;3
1494;0;21;1;4;111;2;0;8;6;54,8178529349358;0;1;1
1495;1;19;3;4;137;2;0;17;9;65,687901087364;1;2;2
1496;0;20;3;4;130;2;0;17;8;97,1428013896654;4;1;5
1497;1;21;2;3;115;2;0;12;11;74,7887522463903;2;2;3
1498;0;19;2;3;135;2;0;17;10;94,287984640861;4;1;5
1499;0;19;1;1;138;2;0;16;9;85,381173756756;3;1;4
1500;1;20;1;4;133;2;0;18;8;84,147854658093;3;2;4
